lon,lat,LST,NDVI,NDBI,NDWI,UHI_intensity,veg_deficit,built_density,cell_id
77.03278140145927,28.393500342807776,35.86802432000002,0.29759135842323303,-0.039395708590745926,-0.34423550963401794,2.156428818000002,0.10240864157676699,0.0,0
77.1720202704978,28.393500342807776,33.64972934000002,0.4966452121734619,-0.08568728715181351,-0.500896155834198,-0.06186616199999406,0.0,0.0,1
77.19896972902139,28.393500342807776,34.14534223999999,0.6383505463600159,-0.22515517473220825,-0.5933460593223572,0.4337467379999751,0.0,0.0,2
77.3471917509011,28.393500342807776,35.92613066000001,0.3395792841911316,-0.09427425265312195,-0.34981510043144226,2.214535157999997,0.06042071580886843,0.0,3
77.36066648016289,28.393500342807776,36.70885724000004,0.28589218854904175,-0.03971764072775841,-0.3252237141132355,2.9972617380000273,0.11410781145095827,0.0,4
77.45498958499545,28.393500342807776,34.50423434000004,0.43012914061546326,-0.15068796277046204,-0.4338808059692383,0.7926388380000233,0.0,0.0,5
76.9609161787297,28.397991919228375,37.443731540000044,0.30042561888694763,-0.029088174924254417,-0.3507483899593353,3.7321360380000286,0.09957438111305239,0.0,6
76.9923572136739,28.397991919228375,36.93615556999998,0.34469953179359436,-0.018309466540813446,-0.3933205306529999,3.224560067999967,0.05530046820640566,0.0,7
77.05523928356226,28.397991919228375,37.21985123000002,0.3899768590927124,-0.05840756371617317,-0.4061047434806824,3.5082557280000017,0.01002314090728762,0.0,8
77.19447815260078,28.397991919228375,34.69051643,0.5857627987861633,-0.1633392572402954,-0.5511338114738464,0.9789209279999866,0.0,0.0,9
77.23939391680676,28.397991919228375,34.79818406000004,0.4965862035751343,-0.09327476471662521,-0.48415976762771606,1.0865885580000239,0.0,0.0,10
77.30676756311573,28.397991919228375,37.63855868000002,0.2128092497587204,0.00802581012248993,-0.2655884027481079,3.926963178000001,0.18719075024127962,0.00802581012248993,11
77.37414120942469,28.397991919228375,35.905622540000024,0.44015437364578247,-0.10982382297515869,-0.4233562648296356,2.1940270380000086,0.0,0.0,12
77.00134036651508,28.402483495648973,38.53066190000004,0.26506319642066956,0.011645997874438763,-0.34372678399086,4.819066398000025,0.13493680357933047,0.011645997874438763,13
77.02379824861808,28.402483495648973,36.086777600000005,0.3682921528816223,-0.02689190022647381,-0.39848801493644714,2.375182097999989,0.03170784711837771,0.0,14
77.05074770714167,28.402483495648973,36.73791041000004,0.319051593542099,-0.059575993567705154,-0.3582935631275177,3.0263149080000247,0.08094840645790102,0.0,15
77.06422243640345,28.402483495648973,37.35144500000001,0.3299804925918579,-0.04485071823000908,-0.3779418170452118,3.6398494979999967,0.07001950740814211,0.0,16
77.07769716566524,28.402483495648973,37.71033710000006,0.27439624071121216,0.0011074456851929426,-0.3513455390930176,3.998741598000045,0.12560375928878786,0.0011074456851929426,17
77.08668031850644,28.402483495648973,36.54650129000004,0.3171636760234833,-0.017424795776605606,-0.34861820936203003,2.8349057880000217,0.08283632397651675,0.0,18
77.14507081197421,28.402483495648973,35.27841587,0.4066070020198822,-0.02686038613319397,-0.4365028738975525,1.5668203679999877,0.0,0.0,19
77.19447815260078,28.402483495648973,34.02571154000003,0.5498738288879395,-0.12210988998413086,-0.5219990015029907,0.31411603800001586,0.0,0.0,20
77.3651580565835,28.402483495648973,35.94322076000003,0.30543768405914307,0.0011852282332256436,-0.34792476892471313,2.2316252580000153,0.09456231594085696,0.0011852282332256436,21
77.45948116141604,28.402483495648973,33.45832022000002,0.4132627248764038,-0.1127283051609993,-0.4155646860599518,-0.25327528199999705,0.0,0.0,22
76.9788824844121,28.40697507206957,37.848766909999995,0.2782803177833557,-0.002419868251308799,-0.32757049798965454,4.137171407999979,0.12171968221664431,0.0,23
77.11812135345062,28.40697507206957,37.0267331,0.2964393198490143,-0.01542386319488287,-0.36389976739883423,3.3151375979999855,0.10356068015098574,0.0,24
77.12261292987122,28.40697507206957,36.307239890000005,0.31210824847221375,0.004874031525105238,-0.37592813372612,2.5956443879999895,0.08789175152778628,0.004874031525105238,25
77.15854554123601,28.40697507206957,35.14853111000002,0.45833832025527954,-0.06709238141775131,-0.4780184328556061,1.436935608000006,0.0,0.0,26
77.1675286940772,28.40697507206957,33.62922121999998,0.5015197396278381,-0.08983486145734787,-0.49322083592414856,-0.08237428200003905,0.0,0.0,27
77.27532652817155,28.40697507206957,40.540457660000015,0.3063649535179138,-0.057731423527002335,-0.3482910990715027,6.828862158,0.0936350464820862,0.0,28
77.33820859805991,28.40697507206957,35.85777026000005,0.3622818887233734,-0.10042012482881546,-0.35066184401512146,2.1461747580000363,0.03771811127662661,0.0,29
77.36964963300409,28.40697507206957,35.987655020000034,0.37215837836265564,-0.04325931519269943,-0.37708622217178345,2.276059518000018,0.027841621637344383,0.0,30
77.39210751510709,28.40697507206957,36.397817420000024,0.4192526936531067,-0.07193388044834137,-0.41571536660194397,2.686221918000008,0.0,0.0,31
77.43253170289246,28.40697507206957,39.12197936000001,0.38615021109580994,-0.08764349669218063,-0.41727614402770996,5.410383857999996,0.013849788904190086,0.0,32
77.03278140145927,28.41146664849017,37.36169905999998,0.28645220398902893,-0.04806310310959816,-0.3470892906188965,3.6501035579999623,0.11354779601097109,0.0,33
77.05523928356226,28.41146664849017,37.51380095000002,0.3668152987957001,-0.07735873758792877,-0.38588830828666687,3.8022054480000023,0.03318470120429995,0.0,34
77.08218874208585,28.41146664849017,35.78770085000002,0.35839563608169556,0.0005070710903964937,-0.4018702507019043,2.076105348000006,0.041604363918304466,0.0005070710903964937,35
77.14956238839481,28.41146664849017,37.61463254,0.43600428104400635,-0.05248836427927017,-0.45383748412132263,3.9030370379999866,0.0,0.0,36
77.18100342333899,28.41146664849017,33.789868160000026,0.5415890216827393,-0.1232815757393837,-0.515216588973999,0.07827265800001015,0.0,0.0,37
77.19896972902139,28.41146664849017,33.84797450000002,0.5226207971572876,-0.0937587320804596,-0.5216711759567261,0.13637899800000497,0.0,0.0,38
77.31575071595692,28.41146664849017,36.319202959999984,0.3244785666465759,-0.08754021674394608,-0.335003137588501,2.6076074579999684,0.0755214333534241,0.0,39
77.33820859805991,28.41146664849017,37.296756680000044,0.319553405046463,-0.06623946130275726,-0.35325247049331665,3.5851611780000283,0.08044659495353701,0.0,40
77.38761593868648,28.41146664849017,37.36169905999998,0.38503339886665344,-0.06540245562791824,-0.435405433177948,3.6501035579999623,0.01496660113334658,0.0,41
77.39210751510709,28.41146664849017,37.79920562000001,0.39517417550086975,-0.08899476379156113,-0.4183742105960846,4.0876101179999935,0.004825824499130271,0.0,42
77.43253170289246,28.41146664849017,39.59708413999999,0.3860996961593628,-0.033464957028627396,-0.4227343201637268,5.885488637999977,0.01390030384063723,0.0,43
76.9923572136739,28.415958224910764,37.95130750999999,0.2116408497095108,0.010071789845824242,-0.2815183103084564,4.239712007999977,0.18835915029048922,0.010071789845824242,44
77.02379824861808,28.415958224910764,37.353154010000026,0.3940778970718384,-0.05802121385931969,-0.39925578236579895,3.64155850800001,0.005922102928161643,0.0,45
77.10464662418883,28.415958224910764,35.63559896000004,0.3639959990978241,-0.07102024555206299,-0.4026593267917633,1.9240034580000227,0.036004000902175926,0.0,46
77.10913820060944,28.415958224910764,35.719340450000004,0.41143614053726196,-0.06645026057958603,-0.42489302158355713,2.0077449479999885,0.0,0.0,47
77.28880125743333,28.415958224910764,39.56632195999998,0.23894472420215607,-0.051365092396736145,-0.27793288230895996,5.854726457999966,0.16105527579784396,0.0,48
77.31575071595692,28.415958224910764,39.67911662000006,0.28499287366867065,-0.06888394802808762,-0.27724379301071167,5.967521118000043,0.11500712633132937,0.0,49
77.32024229237751,28.415958224910764,35.99107304000006,0.22256407141685486,-0.059201572090387344,-0.27418357133865356,2.2794775380000445,0.17743592858314516,0.0,50
77.32922544521871,28.415958224910764,36.33629306,0.2652031481266022,-0.036584097892045975,-0.29697513580322266,2.624697557999987,0.13479685187339785,0.0,51
77.39210751510709,28.415958224910764,39.50821561999999,0.32928112149238586,-0.0019203276606276631,-0.3567476272583008,5.7966201179999715,0.07071887850761416,0.0,52
77.45049800857485,28.415958224910764,33.70783568000002,0.5476089715957642,-0.1850881278514862,-0.49786925315856934,-0.0037598219999992466,0.0,0.0,53
77.01481509577688,28.420449801331362,39.27749927000002,0.25202709436416626,-0.007920890115201473,-0.30756449699401855,5.565903768000005,0.14797290563583376,0.0,54
77.07769716566524,28.420449801331362,36.60289862000002,0.32465580105781555,-0.05988740548491478,-0.3619915843009949,2.8913031180000033,0.07534419894218447,0.0,55
77.13608765913301,28.420449801331362,36.17906414000004,0.4560825526714325,-0.0579802431166172,-0.46823033690452576,2.467468638000021,0.0,0.0,56
77.1720202704978,28.420449801331362,36.264514640000016,0.5200170874595642,-0.0908605083823204,-0.5197522640228271,2.552919138,0.0,0.0,57
77.25286864606855,28.420449801331362,35.55014846000006,0.38183945417404175,0.023249804973602295,-0.39996594190597534,1.8385529580000437,0.018160545825958274,0.023249804973602295,58
77.26634337533035,28.420449801331362,37.26257648000001,0.4315221309661865,-0.019647015258669853,-0.43537306785583496,3.5509809779999912,0.0,0.0,59
77.28880125743333,28.420449801331362,39.460363340000015,0.3471384048461914,-0.03644309565424919,-0.34432172775268555,5.748767837999999,0.052861595153808616,0.0,60
77.02379824861808,28.42494137775196,37.49841986000001,0.31571197509765625,-0.023278390988707542,-0.3679923415184021,3.786824357999997,0.08428802490234377,0.0,61
77.08218874208585,28.42494137775196,37.624886600000025,0.26679834723472595,-0.02740176022052765,-0.33727505803108215,3.913291098000009,0.13320165276527407,0.0,62
77.09117189492704,28.42494137775196,37.036987160000024,0.33816608786582947,-0.08111967146396637,-0.36911123991012573,3.325391658000008,0.061833912134170554,0.0,63
77.10913820060944,28.42494137775196,35.12631398000002,0.3348373770713806,-0.08087240904569626,-0.3882538676261902,1.4147184780000046,0.06516262292861941,0.0,64
77.11812135345062,28.42494137775196,36.51061207999999,0.4677269458770752,-0.1027805358171463,-0.5044125914573669,2.7990165779999714,0.0,0.0,65
77.21244445828317,28.42494137775196,35.645853020000004,0.5528587102890015,-0.12599173188209534,-0.5297455191612244,1.9342575179999884,0.0,0.0,66
77.22591918754497,28.42494137775196,35.70566837000001,0.45027074217796326,-0.0877138301730156,-0.4715290665626526,1.9940728679999964,0.0,0.0,67
77.24837706964796,28.42494137775196,36.98913488000005,0.5522093772888184,-0.13554872572422028,-0.5215021371841431,3.2775393780000357,0.0,0.0,68
77.27083495175094,28.42494137775196,37.21130618000001,0.4365478456020355,-0.030906984582543373,-0.44283440709114075,3.4997106779999925,0.0,0.0,69
77.27532652817155,28.42494137775196,37.21130618000001,0.4339431822299957,-0.05019325762987137,-0.4475991725921631,3.4997106779999925,0.0,0.0,70
77.32473386879812,28.42494137775196,37.74793532000001,0.12924222648143768,0.04563942924141884,-0.19562265276908875,4.036339817999995,0.27075777351856234,0.04563942924141884,71
77.3471917509011,28.42494137775196,37.49841986000001,0.2880485951900482,-0.03303580731153488,-0.33168184757232666,3.786824357999997,0.1119514048099518,0.0,72
77.36964963300409,28.42494137775196,37.42322342,0.33247271180152893,-0.028857359662652016,-0.360049307346344,3.7116279179999836,0.06752728819847109,0.0,73
76.96540775515031,28.429432954172558,33.224185850000026,0.5898178219795227,-0.20450833439826965,-0.547435462474823,-0.48740965199998953,0.0,0.0,74
76.9698993315709,28.429432954172558,35.874860360000014,0.49337470531463623,-0.10864686965942383,-0.49337470531463623,2.163264857999998,0.0,0.0,75
77.00134036651508,28.429432954172558,37.49329283000003,0.2815767228603363,-0.02700190059840679,-0.32549768686294556,3.781697328000014,0.11842327713966372,0.0,76
77.03278140145927,28.429432954172558,37.896619190000024,0.3168033957481384,-0.045250825583934784,-0.34439367055892944,4.185023688000008,0.0831966042518616,0.0,77
77.05523928356226,28.429432954172558,37.80262363999998,0.3072642385959625,-0.045286744832992554,-0.3427194654941559,4.091028137999963,0.0927357614040375,0.0,78
77.10464662418883,28.429432954172558,35.724467480000044,0.331373929977417,-0.07930776476860046,-0.37557148933410645,2.012871978000028,0.06862607002258303,0.0,79
77.10913820060944,28.429432954172558,35.88340541000002,0.34874600172042847,-0.0736503005027771,-0.3864043056964874,2.1718099080000073,0.051253998279571555,0.0,80
77.13608765913301,28.429432954172558,36.34483811000001,0.4500781297683716,-0.08909054845571518,-0.4677271246910095,2.633242607999996,0.0,0.0,81
77.28880125743333,28.429432954172558,38.82802964000001,0.4525679647922516,-0.09520702064037323,-0.4614643454551697,5.116434137999995,0.0,0.0,82
77.32473386879812,28.429432954172558,35.43051776000004,0.17302094399929047,0.02008013427257538,-0.24086998403072357,1.7189222580000276,0.22697905600070956,0.02008013427257538,83
77.40109066794828,28.429432954172558,36.281604740000034,0.36061185598373413,-0.03605431690812111,-0.3804541230201721,2.5700092380000186,0.03938814401626589,0.0,84
77.02828982503867,28.433924530593156,38.66738270000002,0.35977599024772644,-0.04458106309175491,-0.39128196239471436,4.955787198000003,0.04022400975227358,0.0,85
77.04625613072106,28.433924530593156,38.325580700000046,0.29878854751586914,-0.03149412199854851,-0.33819079399108887,4.61398519800003,0.10121145248413088,0.0,86
77.08668031850644,28.433924530593156,38.02479493999999,0.23954540491104126,0.0002839287626557052,-0.2930052876472473,4.313199437999977,0.16045459508895876,0.0002839287626557052,87
77.1630371176566,28.433924530593156,36.59093555000004,0.54120272397995,-0.12913785874843597,-0.5166188478469849,2.8793400480000244,0.0,0.0,88
77.20346130544198,28.433924530593156,36.37730929999998,0.403903067111969,-0.0657128095626831,-0.4474220275878906,2.665713797999963,0.0,0.0,89
77.20795288186258,28.433924530593156,38.038467019999985,0.4298950731754303,-0.041113849729299545,-0.4509134292602539,4.326871517999969,0.0,0.0,90
77.21244445828317,28.433924530593156,37.407842329999994,0.4199124574661255,-0.012967398390173912,-0.4656468629837036,3.6962468279999783,0.0,0.0,91
77.23939391680676,28.433924530593156,37.806041660000005,0.48339956998825073,-0.07633133232593536,-0.47542890906333923,4.09444615799999,0.0,0.0,92
77.27981810459214,28.433924530593156,35.30405102000003,0.4622727930545807,-0.05109182372689247,-0.4677578806877136,1.5924555180000155,0.0,0.0,93
77.41456539721007,28.433924530593156,32.49443858000001,0.3515373468399048,-0.09045078605413437,-0.4020559787750244,-1.217156922000008,0.04846265316009524,0.0,94
76.9609161787297,28.438416107013754,38.07264722000002,0.3064793646335602,-0.02955572120845318,-0.37859511375427246,4.361051718000006,0.09352063536643984,0.0,95
76.9878656372533,28.438416107013754,36.23546147000002,0.4122348129749298,-0.06062033027410507,-0.4065712094306946,2.5238659680000026,0.0,0.0,96
77.09566347134763,28.438416107013754,34.77938495000001,0.3896408677101135,-0.07596538960933685,-0.4299604296684265,1.067789447999992,0.010359132289886497,0.0,97
77.29778441027453,28.438416107013754,37.983778700000016,0.371000200510025,-0.09930132329463959,-0.37152186036109924,4.2721831980000005,0.028999799489974998,0.0,98
77.36066648016289,28.438416107013754,34.921232780000025,0.4244910776615143,-0.1665405035018921,-0.42459604144096375,1.2096372780000095,0.0,0.0,99
77.37863278584528,28.438416107013754,36.96520873999998,0.36566317081451416,-0.09568743407726288,-0.3774973750114441,3.2536132379999643,0.03433682918548586,0.0,100
77.38312436226589,28.438416107013754,36.59948059999999,0.3919925093650818,-0.09676739573478699,-0.4036642909049988,2.887885097999977,0.008007490634918235,0.0,101
77.40109066794828,28.438416107013754,35.16391220000003,0.44196560978889465,-0.13634620606899261,-0.428865909576416,1.4523166980000113,0.0,0.0,102
77.44151485573366,28.438416107013754,34.893888619999984,0.3040773868560791,-0.12758366763591766,-0.3357589840888977,1.1822931179999685,0.09592261314392092,0.0,103
77.19896972902139,28.44290768343435,40.35930259999998,0.2556823194026947,0.011286821216344833,-0.3352840840816498,6.647707097999962,0.14431768059730532,0.011286821216344833,104
77.31575071595692,28.44290768343435,38.50331774000006,0.2908424735069275,-0.026364846155047417,-0.32393473386764526,4.791722238000041,0.10915752649307253,0.0,105
77.38312436226589,28.44290768343435,36.80456179999999,0.38266557455062866,-0.07648174464702606,-0.38276493549346924,3.092966297999972,0.01733442544937136,0.0,106
77.00583194293569,28.447399259854947,38.135880590000056,0.23274537920951843,-0.0349959135055542,-0.28774136304855347,4.42428508800004,0.1672546207904816,0.0,107
77.01032351935628,28.447399259854947,38.5990223,0.16096803545951843,0.015337478369474411,-0.23191183805465698,4.887426797999986,0.2390319645404816,0.015337478369474411,108
77.03278140145927,28.447399259854947,39.66886255999998,0.354261189699173,-0.09486554563045502,-0.3650394380092621,5.957267057999964,0.04573881030082705,0.0,109
77.07320558924465,28.447399259854947,37.05749528000001,0.29049187898635864,-0.0473850779235363,-0.33180758357048035,3.345899777999996,0.10950812101364138,0.0,110
77.09566347134763,28.447399259854947,36.07139651,0.3461132049560547,-0.10223129391670227,-0.36578646302223206,2.359801007999984,0.053886795043945335,0.0,111
77.10015504776824,28.447399259854947,35.41171865000001,0.3519514799118042,-0.0950339064002037,-0.3710554838180542,1.7001231479999959,0.04804852008819582,0.0,112
77.12261292987122,28.447399259854947,35.088715760000014,0.5903434157371521,-0.16063159704208374,-0.5508659482002258,1.377120257999998,0.0,0.0,113
77.13608765913301,28.447399259854947,33.99665836999998,0.5322123169898987,-0.11716676503419876,-0.5193995237350464,0.2850628679999616,0.0,0.0,114
77.20346130544198,28.447399259854947,38.038467019999985,0.3588763475418091,-0.008466562256217003,-0.40960144996643066,4.326871517999969,0.04112365245819094,0.0,115
77.23041076396557,28.447399259854947,36.40123544000005,0.5519592761993408,-0.11401866376399994,-0.5366795659065247,2.6896399380000346,0.0,0.0,116
77.23490234038616,28.447399259854947,37.53601808000002,0.5404621958732605,-0.09746264666318893,-0.5427045822143555,3.8244225780000036,0.0,0.0,117
77.26634337533035,28.447399259854947,32.49785659999998,0.5503827333450317,-0.14269451797008514,-0.5281295776367188,-1.2137389020000384,0.0,0.0,118
77.34270017448051,28.447399259854947,33.03106772000001,0.6693945527076721,-0.261170893907547,-0.5992059707641602,-0.6805277820000057,0.0,0.0,119
77.41905697363066,28.447399259854947,34.887052580000045,0.3654595911502838,-0.16408298909664154,-0.3842185139656067,1.1754570780000293,0.03454040884971621,0.0,120
77.45049800857485,28.447399259854947,33.77619607999998,0.3816142678260803,-0.0444478802382946,-0.3916957974433899,0.06460057799996122,0.0183857321739197,0.0,121
76.9923572136739,28.451890836275545,40.034590700000024,0.23177897930145264,-0.004578930325806141,-0.2662316560745239,6.322995198000008,0.16822102069854739,0.0,122
77.00134036651508,28.451890836275545,39.561194930000056,0.22921262681484222,-0.017579102888703346,-0.27739906311035156,5.84959942800004,0.1707873731851578,0.0,123
77.02379824861808,28.451890836275545,38.81435756000002,0.2386787235736847,-0.026378117501735687,-0.28759369254112244,5.102762058000003,0.16132127642631533,0.0,124
77.03278140145927,28.451890836275545,37.175416970000015,0.3544377088546753,-0.10501489788293839,-0.3803982734680176,3.463821467999999,0.04556229114532473,0.0,125
77.22591918754497,28.451890836275545,36.50377604000005,0.5150265097618103,-0.09152314066886902,-0.5199331641197205,2.792180538000032,0.0,0.0,126
77.24837706964796,28.451890836275545,33.755687960000046,0.5297772288322449,-0.12957726418972015,-0.4901866614818573,0.04409245800002992,0.0,0.0,127
77.28880125743333,28.451890836275545,36.47984989999998,0.5239561200141907,-0.1635563224554062,-0.5014201998710632,2.7682543979999608,0.0,0.0,128
77.29778441027453,28.451890836275545,37.78895155999999,0.4500318467617035,-0.07927326112985611,-0.41299283504486084,4.077356057999971,0.0,0.0,129
77.42804012647186,28.451890836275545,36.21666235999999,0.36187276244163513,-0.05599076300859451,-0.3509100079536438,2.505066857999971,0.03812723755836489,0.0,130
77.00134036651508,28.456382412696144,38.35463387000004,0.1962215155363083,0.014513703063130379,-0.2595398426055908,4.643038368000028,0.20377848446369173,0.014513703063130379,131
77.03727297787987,28.456382412696144,37.81971374,0.30102217197418213,-0.08921433240175247,-0.34433209896087646,4.108118237999982,0.0989778280258179,0.0,132
77.04625613072106,28.456382412696144,35.975691950000055,0.4175134003162384,-0.13735432922840118,-0.4209633469581604,2.264096448000039,0.0,0.0,133
77.06871401282405,28.456382412696144,37.183962020000024,0.3545486629009247,-0.08687929064035416,-0.3599267601966858,3.4723665180000083,0.04545133709907534,0.0,134
77.09117189492704,28.456382412696144,36.25426058000005,0.35154739022254944,-0.08072113990783691,-0.3688870668411255,2.5426650780000344,0.048452609777450584,0.0,135
77.15854554123601,28.456382412696144,37.85731196000006,0.45404401421546936,-0.08779692649841309,-0.4669092893600464,4.145716458000045,0.0,0.0,136
77.33820859805991,28.456382412696144,34.03254758000003,0.6029747128486633,-0.20537567138671875,-0.5331841707229614,0.3209520780000119,0.0,0.0,137
77.34270017448051,28.456382412696144,33.43781210000003,0.592014491558075,-0.20775537192821503,-0.5239847898483276,-0.2737834019999852,0.0,0.0,138
77.37414120942469,28.456382412696144,36.1893182,0.4220641851425171,-0.15393702685832977,-0.3937356770038605,2.4777226979999867,0.0,0.0,139
77.38761593868648,28.456382412696144,35.71421342000002,0.4337663948535919,-0.15152087807655334,-0.42334017157554626,2.0026179180000057,0.0,0.0,140
77.04176455430047,28.46087398911674,37.10022053,0.2794659435749054,-0.04788258671760559,-0.3161395490169525,3.3886250279999857,0.12053405642509463,0.0,141
77.05973085998285,28.46087398911674,35.866315310000005,0.3609798550605774,-0.08590517193078995,-0.3805215656757355,2.1547198079999887,0.03902014493942263,0.0,142
77.09117189492704,28.46087398911674,36.37901830999999,0.37544476985931396,-0.09892431646585464,-0.3901660144329071,2.6674228079999764,0.024555230140686057,0.0,143
77.10015504776824,28.46087398911674,36.30553087999999,0.37236520648002625,-0.10988252609968185,-0.4059268832206726,2.5939353779999763,0.027634793519973777,0.0,144
77.10464662418883,28.46087398911674,34.95199495999998,0.5053364038467407,-0.16775941848754883,-0.4971112012863159,1.2403994579999633,0.0,0.0,145
77.26634337533035,28.46087398911674,37.12243766000006,0.4378161132335663,-0.06328609585762024,-0.44790032505989075,3.410842158000044,0.0,0.0,146
77.30227598669512,28.46087398911674,38.264056340000025,0.3501887321472168,-0.043534740805625916,-0.3624636232852936,4.552460838000009,0.049811267852783225,0.0,147
77.45049800857485,28.46087398911674,36.97888082000003,0.276237815618515,-0.005914489738643169,-0.31974124908447266,3.267285318000013,0.12376218438148501,0.0,148
77.04176455430047,28.46536556553734,38.18715089,0.35148197412490845,-0.07427611202001572,-0.37275367975234985,4.475555387999982,0.048518025875091575,0.0,149
77.07320558924465,28.46536556553734,36.80114378000002,0.3807387351989746,-0.09615056216716766,-0.3999585509300232,3.0895482780000023,0.019261264801025413,0.0,150
77.11812135345062,28.46536556553734,35.89195046000003,0.5222254395484924,-0.11832291632890701,-0.5033426880836487,2.1803549580000166,0.0,0.0,151
77.26185179890975,28.46536556553734,36.65758693999999,0.4281228482723236,-0.052427101880311966,-0.4148958921432495,2.9459914379999717,0.0,0.0,152
77.29329283385393,28.46536556553734,37.53943609999999,0.2992774248123169,-0.02176627516746521,-0.3619707226753235,3.8278405979999732,0.10072257518768313,0.0,153
77.31125913953632,28.46536556553734,38.42128525999999,0.2747255861759186,-0.04820225387811661,-0.3158979117870331,4.709689757999975,0.12527441382408144,0.0,154
77.43253170289246,28.46536556553734,36.03208928000004,0.40970805287361145,-0.1257433295249939,-0.4385894238948822,2.3204937780000208,0.0,0.0,155
76.9788824844121,28.469857141957938,32.911437019999994,0.4630972445011139,-0.2463071346282959,-0.4266875088214874,-0.8001584820000218,0.0,0.0,156
77.04625613072106,28.469857141957938,37.65223076000001,0.37503835558891296,-0.11107870191335678,-0.3901073634624481,3.9406352579999933,0.02496164441108706,0.0,157
77.08218874208585,28.469857141957938,36.92761052000003,0.3450208604335785,-0.10338436812162399,-0.3735736608505249,3.2160150180000144,0.05497913956642153,0.0,158
77.09117189492704,28.469857141957938,36.860959130000026,0.30288246273994446,-0.08022872358560562,-0.3480255901813507,3.1493636280000104,0.09711753726005556,0.0,159
77.09566347134763,28.469857141957938,36.56188238000004,0.3433739244937897,-0.09284398704767227,-0.36696743965148926,2.850286878000027,0.05662607550621035,0.0,160
77.10015504776824,28.469857141957938,35.95518383000001,0.39314258098602295,-0.11464148759841919,-0.39201316237449646,2.243588327999994,0.006857419013977073,0.0,161
77.10464662418883,28.469857141957938,35.96885591,0.39173591136932373,-0.11333343386650085,-0.38683998584747314,2.2572604079999863,0.008264088630676292,0.0,162
77.23490234038616,28.469857141957938,36.35851019000006,0.5154956579208374,-0.08694171905517578,-0.5194956660270691,2.646914688000045,0.0,0.0,163
77.27981810459214,28.469857141957938,35.755229660000055,0.48566240072250366,-0.0896681621670723,-0.48728689551353455,2.043634158000039,0.0,0.0,164
77.33371702163932,28.469857141957938,34.90072466000004,0.3086095452308655,-0.059481389820575714,-0.3285815417766571,1.1891291580000214,0.09139045476913454,0.0,165
77.39210751510709,28.469857141957938,36.84216002000005,0.4388613700866699,-0.06723668426275253,-0.419095516204834,3.1305645180000354,0.0,0.0,166
77.40558224436887,28.469857141957938,34.79818406000004,0.376034677028656,-0.22527149319648743,-0.378629207611084,1.0865885580000239,0.023965322971344016,0.0,167
77.44600643215425,28.469857141957938,36.00474512000005,0.37009814381599426,-0.07861499488353729,-0.39420244097709656,2.2931496180000366,0.02990185618400576,0.0,168
76.9698993315709,28.474348718378533,35.611672820000024,0.3215077519416809,-0.05463924631476402,-0.35540053248405457,1.9000773180000081,0.07849224805831911,0.0,169
77.01481509577688,28.474348718378533,39.072418070000026,0.23329447209835052,-0.02521027810871601,-0.28253626823425293,5.36082256800001,0.1667055279016495,0.0,170
77.10913820060944,28.474348718378533,35.20321942999999,0.506214439868927,-0.12307610362768173,-0.4819554090499878,1.4916239279999743,0.0,0.0,171
77.14057923555362,28.474348718378533,37.187380039999994,0.3302967846393585,-0.04479372128844261,-0.3668825924396515,3.475784537999978,0.0697032153606415,0.0,172
77.3561749037423,28.474348718378533,34.85287238000001,0.4844185709953308,-0.09791196137666702,-0.4702712893486023,1.1412768779999922,0.0,0.0,173
77.37863278584528,28.474348718378533,36.69860318000002,0.44037097692489624,-0.11633740365505219,-0.44393476843833923,2.9870076780000048,0.0,0.0,174
77.46397273783664,28.474348718378533,32.01591578,0.3701719045639038,-0.098882757127285,-0.371751606464386,-1.6956797220000155,0.029828095436096214,0.0,175
76.9923572136739,28.47884029479913,37.81629572000003,0.31602784991264343,-0.030450064688920975,-0.3490905463695526,4.104700218000012,0.08397215008735659,0.0,176
77.21244445828317,28.47884029479913,34.78451198000005,0.44484198093414307,-0.11796674877405167,-0.46204841136932373,1.0729164780000318,0.0,0.0,177
77.23490234038616,28.47884029479913,36.631951790000016,0.5003097653388977,-0.05516210198402405,-0.5034570097923279,2.9203562880000007,0.0,0.0,178
77.42804012647186,28.47884029479913,36.07652354000004,0.3797372877597809,-0.0968010202050209,-0.39047175645828247,2.3649280380000235,0.02026271224021914,0.0,179
77.43253170289246,28.47884029479913,36.71569327999998,0.3952850103378296,-0.06361042708158493,-0.40324297547340393,3.0040977779999665,0.004714989662170432,0.0,180
77.44151485573366,28.47884029479913,37.14636380000002,0.38431689143180847,-0.10631179064512253,-0.40255624055862427,3.4347682980000016,0.01568310856819155,0.0,181
77.46397273783664,28.47884029479913,36.23717048000003,0.42123809456825256,-0.14910638332366943,-0.4564078748226166,2.525574978000016,0.0,0.0,182
77.01032351935628,28.48333187121973,39.503088590000004,0.19844602048397064,0.008420095779001713,-0.24256159365177155,5.791493087999989,0.20155397951602938,0.008420095779001713,183
77.20795288186258,28.48333187121973,35.00668328000006,0.5256820321083069,-0.15281637012958527,-0.5331605672836304,1.2950877780000454,0.0,0.0,184
77.38312436226589,28.48333187121973,34.743495740000014,0.4891599118709564,-0.10853047668933868,-0.4660892188549042,1.0319002379999986,0.0,0.0,185
77.39210751510709,28.48333187121973,35.5569845,0.5194838047027588,-0.10578417778015137,-0.44482749700546265,1.845388997999983,0.0,0.0,186
77.42804012647186,28.48333187121973,36.09019562000003,0.4672086536884308,-0.0894281193614006,-0.41812995076179504,2.3786001180000156,0.0,0.0,187
77.45948116141604,28.48333187121973,35.362157360000026,0.41956833004951477,-0.09742431342601776,-0.4536612927913666,1.6505618580000103,0.0,0.0,188
77.01032351935628,28.487823447640327,39.30655244000002,0.21884015202522278,0.006768961902707815,-0.26082903146743774,5.594956938000003,0.18115984797477724,0.006768961902707815,189
77.05523928356226,28.487823447640327,38.40932219000001,0.3644999861717224,-0.05773147568106651,-0.3715730309486389,4.697726687999996,0.03550001382827761,0.0,190
77.32473386879812,28.487823447640327,36.035507300000006,0.3262746334075928,-0.11980123817920685,-0.34134194254875183,2.3239117979999904,0.07372536659240725,0.0,191
77.36964963300409,28.487823447640327,35.28696092000001,0.5098153352737427,-0.11121746897697449,-0.4965454638004303,1.575365417999997,0.0,0.0,192
77.00583194293569,28.492315024060925,39.13906946000003,0.17605897784233093,0.024431565776467323,-0.22835864126682281,5.427473958000014,0.2239410221576691,0.024431565776467323,193
77.04176455430047,28.492315024060925,37.06604033000002,0.4461090564727783,-0.06267201900482178,-0.452097088098526,3.3544448280000054,0.0,0.0,194
77.15854554123601,28.492315024060925,34.38460364000002,0.40760716795921326,-0.1011057049036026,-0.42190051078796387,0.6730081380000072,0.0,0.0,195
77.18549499975958,28.492315024060925,36.710566250000056,0.42090457677841187,-0.10952349007129669,-0.4198004901409149,2.9989707480000405,0.0,0.0,196
77.27532652817155,28.492315024060925,33.25665704000005,0.50347501039505,-0.15088723599910736,-0.46565407514572144,-0.4549384619999657,0.0,0.0,197
77.28430968101274,28.492315024060925,35.28696092000001,0.303711861371994,-0.045376185327768326,-0.3528454899787903,1.575365417999997,0.096288138628006,0.0,198
77.36964963300409,28.492315024060925,35.13998606000001,0.5365908741950989,-0.14936906099319458,-0.5063852071762085,1.4283905579999967,0.0,0.0,199
77.09117189492704,28.496806600481523,37.814586710000015,0.2992827296257019,-0.08620915561914444,-0.31674301624298096,4.102991207999999,0.10071727037429812,0.0,200
77.10015504776824,28.496806600481523,35.339940230000025,0.32715556025505066,-0.07806238532066345,-0.35581091046333313,1.628344728000009,0.07284443974494936,0.0,201
77.25736022248915,28.496806600481523,32.94903524000006,0.46064913272857666,-0.10185623914003372,-0.4410780966281891,-0.7625602619999583,0.0,0.0,202
77.37414120942469,28.496806600481523,35.088715760000014,0.4827830195426941,-0.16366557776927948,-0.45420360565185547,1.377120257999998,0.0,0.0,203
77.41456539721007,28.496806600481523,39.12197936000001,0.35700342059135437,-0.09995811432600021,-0.3720601201057434,5.410383857999996,0.04299657940864565,0.0,204
77.43702327931305,28.496806600481523,37.73426324000002,0.3302556872367859,-0.04828061908483505,-0.32369548082351685,4.022667738000003,0.06974431276321413,0.0,205
77.05074770714167,28.501298176902118,38.00770484000003,0.3416278064250946,-0.05265860632061958,-0.38377654552459717,4.296109338000015,0.05837219357490542,0.0,206
77.06422243640345,28.501298176902118,36.686640109999985,0.34298884868621826,-0.08981572836637497,-0.3661695420742035,2.975044607999969,0.05701115131378176,0.0,207
77.1540539648154,28.501298176902118,33.205386739999994,0.5618546605110168,-0.1915094554424286,-0.5307218432426453,-0.5062087620000213,0.0,0.0,208
77.41456539721007,28.501298176902118,37.94959849999998,0.3194118142127991,-0.059722766280174255,-0.34721627831459045,4.238002997999963,0.08058818578720095,0.0,209
77.34270017448051,28.505789753322716,36.89343031999999,0.3157726526260376,-0.0677809938788414,-0.332007497549057,3.1818348179999774,0.08422734737396242,0.0,210
77.04625613072106,28.510281329743314,37.00964299999998,0.270129531621933,-0.057108324021101,-0.31774479150772095,3.298047497999967,0.12987046837806704,0.0,211
77.1540539648154,28.510281329743314,34.570885729999986,0.47676315903663635,-0.15775279700756073,-0.47748705744743347,0.8592902279999706,0.0,0.0,212
77.20795288186258,28.510281329743314,35.87827837999998,0.43604475259780884,-0.12716099619865417,-0.4499809443950653,2.1666828779999676,0.0,0.0,213
77.46397273783664,28.510281329743314,33.83430242000003,0.28056636452674866,-0.03738108277320862,-0.3372327387332916,0.12270691800001288,0.11943363547325136,0.0,214
76.95642460230911,28.514772906163913,33.542061709999984,0.3657239079475403,-0.05509161949157715,-0.40881139039993286,-0.16953379200003127,0.03427609205245974,0.0,215
77.23490234038616,28.514772906163913,37.97694266000002,0.26947104930877686,-0.05878566950559616,-0.305911660194397,4.265347158000004,0.13052895069122317,0.0,216
77.24388549322735,28.514772906163913,35.12973199999999,0.523770809173584,-0.1707441806793213,-0.49781933426856995,1.4181364979999742,0.0,0.0,217
77.26634337533035,28.514772906163913,39.09805322,0.2599421739578247,0.011935763992369175,-0.27175965905189514,5.386457717999981,0.14005782604217532,0.011935763992369175,218
77.27083495175094,28.514772906163913,35.83384411999998,0.2365887463092804,-0.010776534676551819,-0.2600471079349518,2.122248617999965,0.16341125369071963,0.0,219
77.3471917509011,28.514772906163913,33.93342500000006,0.2897321879863739,-0.011088834144175053,-0.3123164474964142,0.22182949800004081,0.11026781201362612,0.0,220
77.36964963300409,28.514772906163913,38.65029260000006,0.3060278296470642,-0.03996070474386215,-0.33611661195755005,4.938697098000041,0.09397217035293581,0.0,221
77.42804012647186,28.514772906163913,34.11458005999998,0.3665831685066223,-0.019308079034090042,-0.3911722004413605,0.40298455799996447,0.03341683149337771,0.0,222
76.9788824844121,28.51926448258451,35.835553129999994,0.3767116069793701,-0.06709981709718704,-0.39442548155784607,2.123957627999978,0.023288393020629905,0.0,223
76.9878656372533,28.51926448258451,37.45398560000001,0.4185341000556946,-0.07395359873771667,-0.41083651781082153,3.7423900979999942,0.0,0.0,224
76.99684879009449,28.51926448258451,37.91370929000004,0.352266401052475,-0.04091169312596321,-0.42252546548843384,4.202113788000027,0.04773359894752505,0.0,225
77.04176455430047,28.51926448258451,36.19273622000003,0.3737356662750244,-0.11745111644268036,-0.3992600739002228,2.481140718000013,0.026264333724975608,0.0,226
77.10015504776824,28.51926448258451,36.061142450000034,0.5157051682472229,-0.17366310954093933,-0.4893215000629425,2.349546948000018,0.0,0.0,227
77.12261292987122,28.51926448258451,35.93638471999998,0.459443598985672,-0.05419006198644638,-0.46050339937210083,2.2247892179999624,0.0,0.0,228
77.27083495175094,28.51926448258451,34.47005414,0.35515937209129333,-0.07100537419319153,-0.38413771986961365,0.7584586379999863,0.04484062790870669,0.0,229
77.32473386879812,28.51926448258451,39.658608500000014,0.24793247878551483,-0.06395599246025085,-0.28916552662849426,5.947012997999998,0.1520675212144852,0.0,230
77.33371702163932,28.51926448258451,33.80354024000002,0.388973206281662,-0.10865294188261032,-0.38273370265960693,0.09194473800000225,0.011026793718338035,0.0,231
77.3561749037423,28.51926448258451,37.27624856,0.3846571147441864,-0.09558645635843277,-0.3833152651786804,3.5646530579999833,0.01534288525581362,0.0,232
77.42354855005127,28.51926448258451,38.95791440000005,0.33841365575790405,-0.052103184163570404,-0.36743274331092834,5.246318898000034,0.06158634424209597,0.0,233
77.43702327931305,28.51926448258451,37.559944220000034,0.39079296588897705,-0.03842245414853096,-0.3785059154033661,3.848348718000018,0.009207034111022971,0.0,234
77.44600643215425,28.51926448258451,36.32603900000004,0.366422176361084,-0.0820046067237854,-0.3770267069339752,2.6144434980000213,0.03357782363891604,0.0,235
76.9788824844121,28.52375605900511,36.00645413000001,0.48626968264579773,-0.13918907940387726,-0.4547949731349945,2.294858627999993,0.0,0.0,236
77.01032351935628,28.52375605900511,37.339481930000034,0.44744783639907837,-0.10453074425458908,-0.4380621612071991,3.627886428000018,0.0,0.0,237
77.01930667219747,28.52375605900511,38.11366346,0.3072499930858612,-0.03344040736556053,-0.35242733359336853,4.402067957999982,0.09275000691413882,0.0,238
77.21693603470378,28.52375605900511,35.96372888000002,0.4146154522895813,-0.16149018704891205,-0.42344167828559875,2.2521333780000035,0.0,0.0,239
77.06422243640345,28.528247635425704,34.734950690000005,0.5168900489807129,-0.15434595942497253,-0.50385981798172,1.0233551879999894,0.0,0.0,240
77.08668031850644,28.528247635425704,37.054077259999985,0.36267557740211487,-0.05576599761843681,-0.38439589738845825,3.3424817579999697,0.037324422597885154,0.0,241
77.10015504776824,28.528247635425704,36.63024278,0.4298535883426666,-0.10469382256269455,-0.42105117440223694,2.9186472779999875,0.0,0.0,242
77.13608765913301,28.528247635425704,34.986175160000016,0.3606843948364258,-0.09603818506002426,-0.3970562815666199,1.2745796580000004,0.03931560516357424,0.0,243
77.1630371176566,28.528247635425704,35.685160250000024,0.4730735719203949,-0.16946609318256378,-0.47812438011169434,1.9735647480000083,0.0,0.0,244
77.18100342333899,28.528247635425704,33.19171466,0.6564160585403442,-0.2657119929790497,-0.6058273911476135,-0.5198808420000134,0.0,0.0,245
77.22142761112437,28.528247635425704,36.62340674000001,0.35310548543930054,-0.12997440993785858,-0.36818212270736694,2.9118112379999914,0.046894514560699485,0.0,246
77.23939391680676,28.528247635425704,33.615549139999985,0.6292494535446167,-0.26028069853782654,-0.5748932361602783,-0.09604636200003114,0.0,0.0,247
77.26634337533035,28.528247635425704,35.64243499999998,0.47611677646636963,-0.1395016461610794,-0.45095810294151306,1.930839497999962,0.0,0.0,248
77.31125913953632,28.528247635425704,36.09019562000003,0.2589469254016876,-0.04778492823243141,-0.29847821593284607,2.3786001180000156,0.1410530745983124,0.0,249
77.34270017448051,28.528247635425704,35.71079540000005,0.42289137840270996,-0.08038720488548279,-0.4270409643650055,1.999199898000036,0.0,0.0,250
77.3561749037423,28.528247635425704,35.05111754000001,0.4453435242176056,-0.12389451265335083,-0.4310593008995056,1.3395220379999913,0.0,0.0,251
77.37414120942469,28.528247635425704,35.09555180000001,0.3614196181297302,-0.07100238651037216,-0.34308192133903503,1.383956297999994,0.0385803818702698,0.0,252
77.39210751510709,28.528247635425704,37.34119094000005,0.38832011818885803,-0.077456034719944,-0.403042197227478,3.629595438000031,0.01167988181114199,0.0,253
77.40558224436887,28.528247635425704,35.10580586000003,0.23274171352386475,-0.0006318372907117009,-0.282662957906723,1.3942103580000165,0.16725828647613528,0.0,254
77.41905697363066,28.528247635425704,33.61896716000001,0.24244454503059387,-0.004837291315197945,-0.28609389066696167,-0.0926283420000047,0.15755545496940615,0.0,255
76.95642460230911,28.5327392118463,43.3158899,0.29906752705574036,0.0001957661152118817,-0.3650384843349457,9.604294397999986,0.10093247294425967,0.0001957661152118817,256
77.06422243640345,28.5327392118463,35.249362700000006,0.4691200256347656,-0.11877235770225525,-0.4577520191669464,1.5377671979999903,0.0,0.0,257
77.07769716566524,28.5327392118463,34.389730670000006,0.5046002268791199,-0.14850398898124695,-0.4854707717895508,0.6781351679999901,0.0,0.0,258
77.08668031850644,28.5327392118463,36.172228099999984,0.322300523519516,-0.038330841809511185,-0.3472340703010559,2.460632597999968,0.07769947648048403,0.0,259
77.18549499975958,28.5327392118463,32.263722229999985,0.6861171722412109,-0.2878302037715912,-0.6159704923629761,-1.447873272000031,0.0,0.0,260
77.20795288186258,28.5327392118463,35.314305080000054,0.3382868468761444,-0.10025976598262787,-0.35105079412460327,1.602709578000038,0.06171315312385561,0.0,261
77.27083495175094,28.5327392118463,38.28114644000004,0.34020450711250305,-0.0775541290640831,-0.34622639417648315,4.569550938000027,0.05979549288749697,0.0,262
77.27981810459214,28.5327392118463,40.29094220000002,0.23010098934173584,-0.02583664283156395,-0.24489706754684448,6.579346698000002,0.16989901065826418,0.0,263
77.28430968101274,28.5327392118463,38.65371062000003,0.2830861508846283,-0.05365658178925514,-0.3040967881679535,4.942115118000011,0.11691384911537173,0.0,264
77.3471917509011,28.5327392118463,35.05453555999998,0.3519119620323181,-0.0878487154841423,-0.369841605424881,1.3429400579999609,0.04808803796768191,0.0,265
77.3651580565835,28.5327392118463,34.709315540000034,0.41901838779449463,-0.1316404491662979,-0.4057295024394989,0.9977200380000184,0.0,0.0,266
77.01032351935628,28.5372307882669,38.12904455,0.3361869752407074,-0.05630766972899437,-0.38799065351486206,4.4174490479999875,0.06381302475929262,0.0,267
77.20795288186258,28.5372307882669,35.74839362,0.3887287378311157,-0.10515214502811432,-0.3757110834121704,2.036798117999986,0.0112712621688843,0.0,268
77.3561749037423,28.5372307882669,34.38802166000005,0.42993342876434326,-0.11331825703382492,-0.42538005113601685,0.6764261580000337,0.0,0.0,269
77.41456539721007,28.5372307882669,40.325122400000055,0.26654666662216187,-0.03155522421002388,-0.2855106294155121,6.613526898000039,0.13345333337783816,0.0,270
77.45049800857485,28.5372307882669,38.94424232000006,0.2605966031551361,0.012428347952663898,-0.2862437069416046,5.232646818000042,0.1394033968448639,0.012428347952663898,271
77.01481509577688,28.541722364687498,36.79430774000002,0.39717021584510803,-0.07925993204116821,-0.4139850437641144,3.0827122380000063,0.00282978415489199,0.0,272
77.02379824861808,28.541722364687498,37.27795757000001,0.4240970313549042,-0.10512883961200714,-0.4397158622741699,3.5663620679999966,0.0,0.0,273
77.02828982503867,28.541722364687498,36.807979820000014,0.4075603187084198,-0.09216278046369553,-0.41638630628585815,3.0963843179999984,0.0,0.0,274
77.04625613072106,28.541722364687498,37.34631797000003,0.3641104996204376,-0.05124269425868988,-0.3659875690937042,3.634722468000014,0.0358895003795624,0.0,275
77.06871401282405,28.541722364687498,34.476890180000055,0.42497098445892334,-0.11505073308944702,-0.4286205470561981,0.7652946780000391,0.0,0.0,276
77.26185179890975,28.541722364687498,37.79407859000003,0.3531360328197479,-0.10743136703968048,-0.3584946393966675,4.082483088000011,0.0468639671802521,0.0,277
77.28880125743333,28.541722364687498,34.06330976000004,0.3958231806755066,-0.11224489659070969,-0.4052801728248596,0.35171425800002254,0.00417681932449343,0.0,278
77.31575071595692,28.541722364687498,33.663401420000014,0.5117063522338867,-0.20674829185009003,-0.4825029671192169,-0.04819408200000197,0.0,0.0,279
77.3651580565835,28.541722364687498,35.150240120000035,0.3481365740299225,-0.10579247772693634,-0.3630126416683197,1.4386446180000192,0.05186342597007754,0.0,280
77.40109066794828,28.541722364687498,35.75181164000003,0.23907780647277832,-0.023511525243520737,-0.27711522579193115,2.0402161380000123,0.1609221935272217,0.0,281
77.45049800857485,28.541722364687498,37.17712598000003,0.3798316419124603,-0.08024359494447708,-0.4003668427467346,3.4655304780000122,0.020168358087539695,0.0,282
77.08218874208585,28.546213941108096,41.036070559999985,0.2750836908817291,0.04019296169281006,-0.3182526230812073,7.324475057999969,0.1249163091182709,0.04019296169281006,283
77.1540539648154,28.546213941108096,34.035965600000054,0.5548442006111145,-0.13377270102500916,-0.5205850601196289,0.32437009800003835,0.0,0.0,284
77.3561749037423,28.546213941108096,33.97444124000003,0.3585079610347748,-0.055772565305233,-0.3620683550834656,0.2628457380000171,0.04149203896522524,0.0,285
77.38312436226589,28.546213941108096,34.856290400000034,0.20803970098495483,0.014761627651751041,-0.23648294806480408,1.1446948980000187,0.1919602990150452,0.014761627651751041,286
77.40109066794828,28.546213941108096,39.36124075999999,0.2667957544326782,-0.009029451757669449,-0.2877160310745239,5.649645257999971,0.1332042455673218,0.0,287
77.41905697363066,28.546213941108096,34.78793000000002,0.38210007548332214,-0.03734642639756203,-0.3800252079963684,1.0763344980000014,0.01789992451667788,0.0,288
77.45049800857485,28.546213941108096,36.756709520000015,0.34904950857162476,-0.09307857602834702,-0.3744869530200958,3.0451140179999996,0.050950491428375266,0.0,289
77.10913820060944,28.550705517528694,39.19033976000003,0.2874548137187958,-0.05006318539381027,-0.3251666724681854,5.478744258000013,0.11254518628120425,0.0,290
77.12710450629181,28.550705517528694,37.443731540000044,0.25146570801734924,-0.019201455637812614,-0.3117009401321411,3.7321360380000286,0.14853429198265078,0.0,291
77.13608765913301,28.550705517528694,35.5569845,0.42214110493659973,-0.1142263412475586,-0.4349658489227295,1.845388997999983,0.0,0.0,292
77.18549499975958,28.550705517528694,33.44806616000005,0.5920249819755554,-0.23339319229125977,-0.547170102596283,-0.2635293419999627,0.0,0.0,293
77.30227598669512,28.550705517528694,34.58626681999999,0.20962221920490265,-0.07176358252763748,-0.2189076691865921,0.8746713179999759,0.19037778079509737,0.0,294
77.32473386879812,28.550705517528694,37.17028994000003,0.3126539885997772,-0.0745646208524704,-0.3114524483680725,3.458694438000016,0.0873460114002228,0.0,295
77.39210751510709,28.550705517528694,39.97306634000006,0.2567403018474579,-0.04392264038324356,-0.28836312890052795,6.261470838000044,0.14325969815254214,0.0,296
77.41456539721007,28.550705517528694,35.49204212000001,0.24364091455936432,0.009315592236816883,-0.2760489881038666,1.780446617999992,0.1563590854406357,0.009315592236816883,297
77.43253170289246,28.550705517528694,35.885114420000036,0.3135453462600708,-0.002550284145399928,-0.3667636513710022,2.1735189180000205,0.08645465373992922,0.0,298
77.44600643215425,28.550705517528694,37.25232242000004,0.3203827440738678,-0.0016966271214187145,-0.3344380259513855,3.5407269180000256,0.07961725592613222,0.0,299
77.46397273783664,28.550705517528694,37.19421608000005,0.3247482478618622,-0.014503189362585545,-0.3623546361923218,3.4826205780000308,0.07525175213813784,0.0,300
76.9923572136739,28.555197093949293,36.58409950999999,0.3795016407966614,-0.05195101723074913,-0.4137635827064514,2.8725040079999715,0.020498359203338645,0.0,301
77.13159608271242,28.555197093949293,37.06945834999999,0.36732032895088196,-0.044927772134542465,-0.40464547276496887,3.357862847999975,0.032679671049118064,0.0,302
77.14956238839481,28.555197093949293,33.17291555000003,0.5921830534934998,-0.18305230140686035,-0.5599510669708252,-0.5386799519999883,0.0,0.0,303
77.26634337533035,28.555197093949293,38.583641209999996,0.3632432222366333,-0.0974760577082634,-0.353543221950531,4.87204570799998,0.03675677776336672,0.0,304
77.31575071595692,28.555197093949293,29.26099166000006,0.3279111385345459,-0.28781402111053467,-0.22018831968307495,-4.450603841999957,0.07208886146545412,0.0,305
77.39210751510709,28.555197093949293,34.20686660000001,0.2607744634151459,-0.022862441837787628,-0.29080724716186523,0.49527109799999636,0.13922553658485415,0.0,306
77.41905697363066,28.555197093949293,35.133150020000016,0.3977641761302948,-0.09762032330036163,-0.3687278628349304,1.4215545180000007,0.0022358238697052224,0.0,307
77.43253170289246,28.555197093949293,36.13121186000001,0.32913827896118164,0.008859888650476933,-0.3655990958213806,2.419616357999992,0.07086172103881838,0.008859888650476933,308
77.06871401282405,28.559688670369887,36.30211286000002,0.37042492628097534,-0.11881215870380402,-0.39422497153282166,2.5905173580000067,0.02957507371902468,0.0,309
77.07769716566524,28.559688670369887,39.54923186000002,0.20304201543331146,0.02133583277463913,-0.25848624110221863,5.837636358000005,0.19695798456668856,0.02133583277463913,310
77.10464662418883,28.559688670369887,41.55390059000001,0.23836377263069153,0.014590341597795486,-0.2888682186603546,7.842305087999996,0.1616362273693085,0.014590341597795486,311
77.14956238839481,28.559688670369887,33.26007506000002,0.5432083010673523,-0.17399460077285767,-0.5318053364753723,-0.4515204419999961,0.0,0.0,312
77.1540539648154,28.559688670369887,34.463218100000006,0.47065696120262146,-0.15459690988063812,-0.45359688997268677,0.7516225979999902,0.0,0.0,313
77.20346130544198,28.559688670369887,36.65075090000005,0.3414694368839264,-0.10227802395820618,-0.3512433171272278,2.9391553980000324,0.05853056311607363,0.0,314
77.23490234038616,28.559688670369887,36.48326792,0.4182778596878052,-0.12736918032169342,-0.4160383343696594,2.771672417999987,0.0,0.0,315
77.26634337533035,28.559688670369887,38.72890705999998,0.31983327865600586,-0.0849219262599945,-0.3339938223361969,5.017311557999967,0.08016672134399416,0.0,316
77.10913820060944,28.564180246790485,41.032652540000015,0.11016664654016495,0.05241158604621887,-0.17110590636730194,7.321057037999999,0.2898333534598351,0.05241158604621887,317
77.20795288186258,28.564180246790485,37.43347748000002,0.4226258397102356,-0.12999852001667023,-0.39153605699539185,3.721881978000006,0.0,0.0,318
77.24837706964796,28.564180246790485,37.24377737000003,0.29783084988594055,-0.08607681840658188,-0.29872941970825195,3.5321818680000163,0.10216915011405947,0.0,319
77.30227598669512,28.564180246790485,29.39771245999998,0.47105345129966736,-0.32629701495170593,-0.35331958532333374,-4.313883042000036,0.0,0.0,320
77.38761593868648,28.564180246790485,34.15901431999998,0.3363335430622101,-0.1094248816370964,-0.353341668844223,0.4474188179999672,0.06366645693778994,0.0,321
77.41905697363066,28.564180246790485,34.661463260000005,0.4404022991657257,-0.08456093072891235,-0.43060189485549927,0.9498677579999892,0.0,0.0,322
77.03727297787987,28.568671823211083,37.31555579000002,0.28659453988075256,-0.01905069127678871,-0.33308231830596924,3.6039602880000032,0.11340546011924746,0.0,323
77.1540539648154,28.568671823211083,34.19832155000006,0.564222514629364,-0.1937885731458664,-0.5286691784858704,0.48672604800004393,0.0,0.0,324
77.20795288186258,28.568671823211083,38.558006060000025,0.32947468757629395,-0.09601091593503952,-0.32363682985305786,4.846410558000009,0.07052531242370608,0.0,325
77.22591918754497,28.568671823211083,37.80945968000003,0.2435280680656433,-0.049594633281230927,-0.2666175067424774,4.097864178000016,0.1564719319343567,0.0,326
77.39210751510709,28.568671823211083,34.022293520000005,0.2827277183532715,-0.03600412979722023,-0.3022859990596771,0.3106980179999894,0.11727228164672854,0.0,327
77.41456539721007,28.568671823211083,37.79236958000001,0.3851162791252136,-0.048383928835392,-0.365054190158844,4.0807740779999975,0.0148837208747864,0.0,328
77.03727297787987,28.57316339963168,37.274539549999986,0.2374793440103531,0.03780539706349373,-0.29188254475593567,3.56294404799997,0.16252065598964693,0.03780539706349373,329
77.06422243640345,28.57316339963168,37.616341550000016,0.3482639789581299,-0.07161948084831238,-0.38457608222961426,3.904746048,0.05173602104187014,0.0,330
77.22142761112437,28.57316339963168,37.26941252000006,0.2328496277332306,-0.04523014649748802,-0.2526423931121826,3.557817018000044,0.16715037226676943,0.0,331
77.24837706964796,28.57316339963168,35.69199629000002,0.4963839650154114,-0.2013801783323288,-0.4830152094364166,1.9804007880000043,0.0,0.0,332
77.29329283385393,28.57316339963168,30.63845372000003,0.3740188181400299,-0.17243692278862,-0.3458040952682495,-3.073141781999986,0.025981181859970115,0.0,333
77.32024229237751,28.57316339963168,35.66977916000002,0.3421073257923126,-0.09381045401096344,-0.3366580009460449,1.958183658000003,0.0578926742076874,0.0,334
76.9743909079915,28.57765497605228,40.14567635000003,0.348250150680542,-0.028989598155021667,-0.3920843005180359,6.434080848000015,0.05174984931945803,0.0,335
76.9923572136739,28.57765497605228,39.07583609000005,0.4071316421031952,-0.04732732102274895,-0.42667728662490845,5.364240588000037,0.0,0.0,336
77.00583194293569,28.57765497605228,39.06558203000003,0.33062154054641724,-0.017951061949133873,-0.3574157655239105,5.353986528000014,0.06937845945358279,0.0,337
77.07320558924465,28.57765497605228,37.96839761000001,0.33978474140167236,-0.0555875338613987,-0.36757904291152954,4.256802107999995,0.06021525859832766,0.0,338
77.12710450629181,28.57765497605228,38.12049950000005,0.40427571535110474,-0.10269132256507874,-0.43329697847366333,4.408903998000035,0.0,0.0,339
77.17651184691839,28.57765497605228,35.83726214000001,0.4761003255844116,-0.18310461938381195,-0.45532506704330444,2.1256666379999913,0.0,0.0,340
77.19896972902139,28.57765497605228,35.73472154000001,0.4411422908306122,-0.14335118234157562,-0.4368995726108551,2.023126037999994,0.0,0.0,341
77.29329283385393,28.57765497605228,30.337667960000033,0.4341822564601898,-0.2557145655155182,-0.41104263067245483,-3.373927541999983,0.0,0.0,342
77.31575071595692,28.57765497605228,35.297214980000035,0.3349441587924957,-0.12656831741333008,-0.3340999186038971,1.5856194780000195,0.0650558412075043,0.0,343
77.38312436226589,28.57765497605228,36.24058850000006,0.26673585176467896,-0.0611453615128994,-0.2856588661670685,2.5289929980000423,0.13326414823532107,0.0,344
76.9788824844121,28.582146552472878,39.52701473000002,0.37410005927085876,-0.03129430487751961,-0.39478152990341187,5.815419228000003,0.025899940729141258,0.0,345
77.06422243640345,28.582146552472878,37.30530173,0.3983144462108612,-0.11672565340995789,-0.3969882130622864,3.5937062279999807,0.0016855537891388161,0.0,346
77.08668031850644,28.582146552472878,37.659066800000005,0.15251560509204865,0.0028544494416564703,-0.2057928591966629,3.9474712979999893,0.24748439490795138,0.0028544494416564703,347
77.11812135345062,28.582146552472878,36.259387609999976,0.4629400670528412,-0.13457971811294556,-0.46059611439704895,2.5477921079999604,0.0,0.0,348
77.13608765913301,28.582146552472878,36.69005813000001,0.4467417001724243,-0.11893738061189651,-0.4342442750930786,2.9784626279999955,0.0,0.0,349
77.24837706964796,28.582146552472878,37.81287770000006,0.26037275791168213,-0.0506950244307518,-0.2786687910556793,4.1012821980000425,0.1396272420883179,0.0,350
77.26634337533035,28.582146552472878,34.58968484000002,0.32784873247146606,-0.08496963232755661,-0.3230641484260559,0.8780893380000023,0.07215126752853396,0.0,351
77.28880125743333,28.582146552472878,30.52224104000004,0.36134812235832214,-0.14655494689941406,-0.35032203793525696,-3.189354461999976,0.03865187764167788,0.0,352
77.31125913953632,28.582146552472878,34.86996248000003,0.29712653160095215,-0.09664351493120193,-0.32274895906448364,1.1583669780000108,0.10287346839904787,0.0,353
77.41905697363066,28.582146552472878,37.30359271999998,0.3317531943321228,-0.011665109544992447,-0.36538928747177124,3.5919972179999675,0.06824680566787722,0.0,354
77.42354855005127,28.582146552472878,35.625344900000016,0.38864850997924805,-0.026565689593553543,-0.39034536480903625,1.9137493980000002,0.011351490020751975,0.0,355
77.07769716566524,28.586638128893473,38.35463387000004,0.2008516490459442,-0.018638059496879578,-0.24665911495685577,4.643038368000028,0.1991483509540558,0.0,356
77.14507081197421,28.586638128893473,34.955412980000006,0.5265915393829346,-0.17749379575252533,-0.4981427490711212,1.2438174779999898,0.0,0.0,357
77.1675286940772,28.586638128893473,36.355092170000034,0.3984335660934448,-0.13945844769477844,-0.4092367887496948,2.6434966680000187,0.001566433906555198,0.0,358
77.17651184691839,28.586638128893473,37.46423966000003,0.4280068576335907,-0.13935129344463348,-0.4251697361469269,3.7526441580000167,0.0,0.0,359
77.23490234038616,28.586638128893473,36.725947340000005,0.3387283384799957,-0.09735552221536636,-0.35544148087501526,3.014351837999989,0.061271661520004295,0.0,360
77.28430968101274,28.586638128893473,29.233647500000018,0.2571060359477997,-0.22640831768512726,-0.22089369595050812,-4.477948001999998,0.14289396405220034,0.0,361
77.33820859805991,28.586638128893473,35.94663878000006,0.2694820165634155,-0.04131864383816719,-0.3000277280807495,2.2350432780000418,0.1305179834365845,0.0,362
77.41007382078946,28.586638128893473,37.07458538000003,0.39276033639907837,-0.05511294677853584,-0.38737326860427856,3.3629898780000147,0.007239663600921653,0.0,363
77.45498958499545,28.586638128893473,37.28650262000002,0.304525762796402,-0.034127894788980484,-0.33226659893989563,3.574907118000006,0.09547423720359804,0.0,364
77.03278140145927,28.59112970531407,36.47301386000004,0.4011624753475189,-0.11296360194683075,-0.4227505922317505,2.7614183580000216,0.0,0.0,365
77.1675286940772,28.59112970531407,36.94982765000003,0.4196570813655853,-0.12922045588493347,-0.42145836353302,3.238232148000016,0.0,0.0,366
77.17651184691839,28.59112970531407,36.643914859999995,0.4428674876689911,-0.14815828204154968,-0.43891334533691406,2.9323193579999796,0.0,0.0,367
77.23939391680676,28.59112970531407,36.99255290000002,0.3208705484867096,-0.07534246891736984,-0.3258448839187622,3.2809573980000053,0.07912945151329043,0.0,368
77.28880125743333,28.59112970531407,34.21712065999998,0.45948126912117004,-0.14918608963489532,-0.4453375041484833,0.505525157999962,0.0,0.0,369
77.32473386879812,28.59112970531407,36.74645545999999,0.19554348289966583,0.00683891074731946,-0.22124841809272766,3.034859957999977,0.2044565171003342,0.00683891074731946,370
77.3651580565835,28.59112970531407,34.68880741999999,0.30587658286094666,-0.06742352992296219,-0.33030804991722107,0.9772119179999734,0.09412341713905337,0.0,371
77.15854554123601,28.59562128173467,34.22224769000002,0.5827131867408752,-0.1614466905593872,-0.5400776267051697,0.5106521880000017,0.0,0.0,372
77.18100342333899,28.59562128173467,36.946409630000005,0.40988796949386597,-0.1395108997821808,-0.40883833169937134,3.2348141279999894,0.0,0.0,373
77.18549499975958,28.59562128173467,37.036987160000024,0.40349042415618896,-0.10602065175771713,-0.3981977105140686,3.325391658000008,0.0,0.0,374
77.25736022248915,28.59562128173467,36.61657070000001,0.29654571413993835,-0.04424306005239487,-0.32400864362716675,2.9049751979999954,0.10345428586006167,0.0,375
77.30227598669512,28.59562128173467,32.84649464000006,0.2828620672225952,-0.08650664985179901,-0.3074212074279785,-0.8651008619999558,0.11713793277740481,0.0,376
77.39210751510709,28.59562128173467,34.459800080000036,0.3431607782840729,-0.10472796857357025,-0.35402464866638184,0.7482045780000206,0.056839221715927146,0.0,377
76.9609161787297,28.600112858155267,40.625908159999994,0.3223780393600464,0.004626746755093336,-0.3606927990913391,6.914312657999979,0.07762196063995364,0.004626746755093336,378
76.9788824844121,28.600112858155267,37.94788949000002,0.24207311868667603,0.003263323800638318,-0.296759694814682,4.236293988000007,0.157926881313324,0.003263323800638318,379
77.05074770714167,28.600112858155267,36.67638605000002,0.40240469574928284,-0.11859352141618729,-0.39466944336891174,2.9647905480000034,0.0,0.0,380
77.13608765913301,28.600112858155267,34.71273356000006,0.548582136631012,-0.18405954539775848,-0.5052157044410706,1.0011380580000449,0.0,0.0,381
77.1720202704978,28.600112858155267,33.422431010000025,0.5851805806159973,-0.20047108829021454,-0.5412380695343018,-0.2891644919999905,0.0,0.0,382
77.23041076396557,28.600112858155267,34.29231709999999,0.48954200744628906,-0.1803143173456192,-0.45019933581352234,0.5807215979999754,0.0,0.0,383
77.25286864606855,28.600112858155267,36.03721631000002,0.42552506923675537,-0.13597053289413452,-0.4278705418109894,2.3256208080000036,0.0,0.0,384
77.3516833273217,28.600112858155267,35.13656804000004,0.35615280270576477,-0.09719156473875046,-0.3537892699241638,1.424972538000027,0.04384719729423525,0.0,385
77.3561749037423,28.600112858155267,34.81185614000003,0.4121290445327759,-0.11225992441177368,-0.3896453380584717,1.100260638000016,0.0,0.0,386
76.9609161787297,28.604604434575865,38.83486568000001,0.2861655056476593,-0.009067551232874393,-0.32864221930503845,5.123270177999991,0.11383449435234072,0.0,387
77.01032351935628,28.604604434575865,34.929777830000035,0.3763936758041382,-0.11628596484661102,-0.39090636372566223,1.2181823280000188,0.02360632419586184,0.0,388
77.06422243640345,28.604604434575865,37.23523232000002,0.14795339107513428,0.004472852218896151,-0.18706673383712769,3.523636818000007,0.25204660892486574,0.004472852218896151,389
77.06871401282405,28.604604434575865,37.29846569000006,0.14681559801101685,-0.00717149768024683,-0.19637103378772736,3.5868701880000415,0.2531844019889832,0.0,390
77.07320558924465,28.604604434575865,37.57532531000004,0.12044902890920639,-0.007182337809354067,-0.1781904101371765,3.8637298080000235,0.27955097109079363,0.0,391
77.27981810459214,28.604604434575865,34.17952244000003,0.3733048141002655,-0.10470055788755417,-0.36296820640563965,0.46792693800001217,0.02669518589973452,0.0,392
77.39210751510709,28.604604434575865,39.11172529999999,0.20905782282352448,-0.004457858391106129,-0.2601264417171478,5.400129797999973,0.19094217717647555,0.0,393
76.9743909079915,28.609096010996463,38.759669239999994,0.22959746420383453,-0.002825785195454955,-0.28819021582603455,5.048073737999978,0.1704025357961655,0.0,394
77.01930667219747,28.609096010996463,35.98423700000001,0.3176847994327545,-0.08047641813755035,-0.3439035415649414,2.2726414979999916,0.0823152005672455,0.0,395
77.10913820060944,28.609096010996463,37.818004729999984,0.28000059723854065,-0.06632079184055328,-0.3119150996208191,4.106409227999968,0.11999940276145937,0.0,396
77.1675286940772,28.609096010996463,32.390188970000054,0.5895511507987976,-0.18571223318576813,-0.5471870303153992,-1.321406531999962,0.0,0.0,397
77.21244445828317,28.609096010996463,34.86654446,0.4767014682292938,-0.16413037478923798,-0.44107022881507874,1.1549489579999843,0.0,0.0,398
77.26634337533035,28.609096010996463,31.123812560000033,0.49522727727890015,-0.15393973886966705,-0.4683680236339569,-2.5877829419999827,0.0,0.0,399
77.33371702163932,28.609096010996463,34.78109396000002,0.26656511425971985,-0.038342494517564774,-0.29768428206443787,1.0694984580000053,0.13343488574028017,0.0,400
77.44600643215425,28.609096010996463,36.37047326000004,0.22733710706233978,-0.030388718470931053,-0.25238174200057983,2.658877758000024,0.17266289293766024,0.0,401
77.45498958499545,28.609096010996463,35.95005680000003,0.21476484835147858,-0.05650144815444946,-0.22374401986598969,2.2384612980000114,0.18523515164852145,0.0,402
77.01481509577688,28.613587587417058,36.355092170000034,0.3248833417892456,-0.08841574192047119,-0.35375672578811646,2.6434966680000187,0.07511665821075442,0.0,403
77.02828982503867,28.613587587417058,37.10534756000004,0.2032884657382965,0.005584952421486378,-0.2507299482822418,3.3937520580000253,0.1967115342617035,0.005584952421486378,404
77.06871401282405,28.613587587417058,38.730616069999996,0.09841552376747131,0.016164321452379227,-0.156238853931427,5.019020567999981,0.3015844762325287,0.016164321452379227,405
77.07320558924465,28.613587587417058,38.57167814000002,0.11855730414390564,-0.0008253759006038308,-0.1711171716451645,4.8600826380000015,0.2814426958560944,0.0,406
77.14507081197421,28.613587587417058,35.425390730000004,0.5155247449874878,-0.15663862228393555,-0.5061084628105164,1.713795227999988,0.0,0.0,407
77.20346130544198,28.613587587417058,37.00964299999998,0.362815260887146,-0.08367600291967392,-0.3830069601535797,3.298047497999967,0.037184739112854026,0.0,408
77.24388549322735,28.613587587417058,35.86460629999999,0.36053261160850525,-0.09537553042173386,-0.3686898350715637,2.1530107979999755,0.03946738839149477,0.0,409
77.25736022248915,28.613587587417058,30.365012120000017,0.4667699933052063,-0.21058981120586395,-0.4231150150299072,-3.3465833819999986,0.0,0.0,410
77.31575071595692,28.613587587417058,34.54183255999999,0.32899826765060425,-0.08801228553056717,-0.3495938777923584,0.8302370579999732,0.07100173234939577,0.0,411
76.96540775515031,28.618079163837656,36.70031218999998,0.3298565745353699,-0.040189504623413086,-0.34218406677246094,2.988716687999961,0.07014342546463015,0.0,412
76.9923572136739,28.618079163837656,38.609276360000024,0.259568452835083,-0.01669413223862648,-0.30321672558784485,4.897680858000008,0.14043154716491701,0.0,413
77.01032351935628,28.618079163837656,37.85047592000001,0.24145473539829254,-0.022406652569770813,-0.28538623452186584,4.138880417999992,0.15854526460170748,0.0,414
77.01930667219747,28.618079163837656,37.58216134999998,0.2689896821975708,-0.05371292680501938,-0.30528008937835693,3.8705658479999627,0.13101031780242922,0.0,415
77.05074770714167,28.618079163837656,37.831676809999976,0.11753478646278381,0.017191192135214806,-0.17299199104309082,4.1200813079999605,0.2824652135372162,0.017191192135214806,416
77.10913820060944,28.618079163837656,36.245715529999984,0.4045063853263855,-0.13675080239772797,-0.400093138217926,2.5341200279999683,0.0,0.0,417
77.1540539648154,28.618079163837656,36.886594280000054,0.4188683032989502,-0.03399089351296425,-0.4276594817638397,3.174998778000038,0.0,0.0,418
77.20795288186258,28.618079163837656,36.94811864000002,0.29613253474235535,-0.07527711987495422,-0.325038880109787,3.2365231380000026,0.10386746525764468,0.0,419
77.24388549322735,28.618079163837656,37.09167548000005,0.2128908485174179,-0.00673749390989542,-0.23680268228054047,3.3800799780000332,0.18710915148258211,0.0,420
77.33371702163932,28.618079163837656,35.67319717999999,0.2512872517108917,-0.032630857080221176,-0.26120316982269287,1.9616016779999725,0.1487127482891083,0.0,421
77.34270017448051,28.618079163837656,35.12631398000002,0.15021230280399323,-0.0008521491545252502,-0.18254978954792023,1.4147184780000046,0.2497876971960068,0.0,422
77.37414120942469,28.618079163837656,35.594582720000005,0.21752190589904785,-0.036731794476509094,-0.2539673447608948,1.8829872179999896,0.18247809410095217,0.0,423
76.9788824844121,28.622570740258254,37.48474778000002,0.44643300771713257,-0.13567672669887543,-0.42381781339645386,3.773152278000005,0.0,0.0,424
76.9923572136739,28.622570740258254,38.88442697000005,0.2704596221446991,-0.03090512566268444,-0.3115188479423523,5.172831468000034,0.12954037785530093,0.0,425
77.01032351935628,28.622570740258254,37.517218970000044,0.2421884983778,-0.009397916495800018,-0.27296194434165955,3.8056234680000287,0.15781150162220003,0.0,426
77.02828982503867,28.622570740258254,36.70714823000003,0.1451587975025177,0.006864725146442652,-0.19018617272377014,2.995552728000014,0.2548412024974823,0.006864725146442652,427
77.07320558924465,28.622570740258254,37.44544055000006,0.32232534885406494,-0.09649330377578735,-0.34276822209358215,3.733845048000042,0.07767465114593508,0.0,428
77.18100342333899,28.622570740258254,33.53351666000003,0.5413402915000916,-0.13681906461715698,-0.5063393712043762,-0.1780788419999837,0.0,0.0,429
77.18549499975958,28.622570740258254,33.41730398000004,0.5211932063102722,-0.11031562834978104,-0.49485477805137634,-0.2942915219999733,0.0,0.0,430
77.29778441027453,28.622570740258254,35.621926880000046,0.18270130455493927,-0.031967367976903915,-0.2244117110967636,1.9103313780000306,0.21729869544506075,0.0,431
77.32024229237751,28.622570740258254,35.30746904,0.26146167516708374,-0.0455765426158905,-0.2535449266433716,1.595873537999985,0.13853832483291628,0.0,432
77.45498958499545,28.622570740258254,37.87098404000005,0.29442769289016724,-0.019720572978258133,-0.3070264160633087,4.159388538000037,0.10557230710983279,0.0,433
76.9609161787297,28.627062316678852,38.000868800000035,0.3226274847984314,-0.04540492966771126,-0.3613937795162201,4.289273298000019,0.07737251520156863,0.0,434
77.01930667219747,28.627062316678852,36.12779383999998,0.18861182034015656,-0.007134911138564348,-0.22209671139717102,2.4161983379999654,0.21138817965984347,0.0,435
77.07320558924465,28.627062316678852,37.51892798000006,0.26803725957870483,-0.0638185441493988,-0.2972950041294098,3.807332478000042,0.1319627404212952,0.0,436
77.30227598669512,28.627062316678852,35.16733022000005,0.2073340117931366,-0.056554894894361496,-0.2088402360677719,1.4557347180000377,0.19266598820686343,0.0,437
77.3516833273217,28.627062316678852,34.85970842000006,0.15992242097854614,0.015050861053168774,-0.18978992104530334,1.1481129180000451,0.24007757902145388,0.015050861053168774,438
77.02828982503867,28.63155389309945,36.55162832000002,0.20540264248847961,-0.03887852653861046,-0.24545282125473022,2.8400328180000045,0.1945973575115204,0.0,439
77.04625613072106,28.63155389309945,37.66590284000006,0.1693745255470276,0.0005902759148739278,-0.21109908819198608,3.954307338000042,0.23062547445297243,0.0005902759148739278,440
77.05973085998285,28.63155389309945,37.30701074000001,0.2819136083126068,-0.04063419997692108,-0.3144308924674988,3.595415237999994,0.11808639168739321,0.0,441
77.10464662418883,28.63155389309945,36.30382186999998,0.34181326627731323,-0.060925666242837906,-0.34365537762641907,2.592226367999963,0.05818673372268679,0.0,442
77.11812135345062,28.63155389309945,35.63047193,0.35078728199005127,-0.10273497551679611,-0.34842419624328613,1.918876427999983,0.04921271800994875,0.0,443
77.1540539648154,28.63155389309945,37.92396335000001,0.3814551830291748,-0.06142878904938698,-0.40798044204711914,4.212367847999992,0.018544816970825218,0.0,444
77.19447815260078,28.63155389309945,32.831113550000055,0.5440094470977783,-0.17449352145195007,-0.5027211904525757,-0.8804819519999612,0.0,0.0,445
77.20346130544198,28.63155389309945,34.55550463999998,0.4335962235927582,-0.14591486752033234,-0.4276580214500427,0.8439091379999653,0.0,0.0,446
77.23939391680676,28.63155389309945,34.86654446,0.4076226055622101,-0.14452868700027466,-0.3993682563304901,1.1549489579999843,0.0,0.0,447
77.27532652817155,28.63155389309945,35.02035536000005,0.1358780562877655,-0.0004493525193538517,-0.17256899178028107,1.3087598580000375,0.2641219437122345,0.0,448
77.30227598669512,28.63155389309945,35.150240120000035,0.30345845222473145,-0.08588261157274246,-0.30602502822875977,1.4386446180000192,0.09654154777526858,0.0,449
77.40109066794828,28.63155389309945,38.099991380000006,0.15126590430736542,0.0227340217679739,-0.2034391611814499,4.38839587799999,0.2487340956926346,0.0227340217679739,450
77.43702327931305,28.63155389309945,36.70202119999999,0.28364235162734985,-0.03266604244709015,-0.2834247648715973,2.9904256979999744,0.11635764837265017,0.0,451
76.95642460230911,28.63604546952005,38.82290261000003,0.41832202672958374,-0.04230942949652672,-0.42461010813713074,5.1113071080000125,0.0,0.0,452
77.00583194293569,28.63604546952005,37.45569461000002,0.3804929852485657,-0.09141440689563751,-0.3951338827610016,3.7440991080000074,0.01950701475143435,0.0,453
77.09117189492704,28.63604546952005,37.845348890000025,0.2208765149116516,-0.03366493806242943,-0.24931712448596954,4.1337533880000095,0.1791234850883484,0.0,454
77.13159608271242,28.63604546952005,37.7616074,0.2577660381793976,-0.0489451102912426,-0.28325745463371277,4.050011897999987,0.14223396182060244,0.0,455
77.1630371176566,28.63604546952005,34.75887683000002,0.4760516583919525,-0.14514853060245514,-0.46562811732292175,1.047281328000004,0.0,0.0,456
77.37863278584528,28.63604546952005,38.30165456000003,0.32200175523757935,-0.05815422907471657,-0.3329003155231476,4.590059058000016,0.07799824476242068,0.0,457
77.40558224436887,28.63604546952005,37.92909038000005,0.13089987635612488,0.033382900059223175,-0.19249024987220764,4.217494878000032,0.26910012364387514,0.033382900059223175,458
77.44600643215425,28.63604546952005,38.45204744,0.30869466066360474,-0.0418815091252327,-0.3130326569080353,4.740451937999985,0.09130533933639529,0.0,459
77.01930667219747,28.640537045940647,36.92590151000002,0.3952389061450958,-0.0340459905564785,-0.4097573161125183,3.214306008000001,0.004761093854904197,0.0,460
77.14057923555362,28.640537045940647,37.35144500000001,0.32156577706336975,-0.05841020122170448,-0.33753931522369385,3.6398494979999967,0.07843422293663027,0.0,461
77.18998657618019,28.640537045940647,32.39531599999998,0.39188534021377563,-0.14250923693180084,-0.3847193419933319,-1.316279502000036,0.008114659786224387,0.0,462
77.22142761112437,28.640537045940647,37.93763543,0.2536059617996216,-0.04184381291270256,-0.27223047614097595,4.2260399279999845,0.14639403820037844,0.0,463
77.38312436226589,28.640537045940647,34.87679852000002,0.34291595220565796,-0.05974623188376427,-0.36199215054512024,1.1652030180000068,0.05708404779434206,0.0,464
77.01032351935628,28.64502862236124,34.82723723000004,0.4884333312511444,-0.19401425123214722,-0.47238707542419434,1.1156417280000213,0.0,0.0,465
77.01930667219747,28.64502862236124,37.28137559000004,0.306631863117218,-0.04226520285010338,-0.33128422498703003,3.569780088000023,0.093368136882782,0.0,466
77.10015504776824,28.64502862236124,36.098740669999984,0.16667285561561584,-0.011916968040168285,-0.2108382135629654,2.387145167999968,0.23332714438438418,0.0,467
77.13608765913301,28.64502862236124,36.985716860000025,0.2596394419670105,-0.06856431066989899,-0.29055944085121155,3.2741213580000093,0.14036055803298952,0.0,468
77.20795288186258,28.64502862236124,35.538185390000024,0.28028222918510437,-0.05907383933663368,-0.29331377148628235,1.826589888000008,0.11971777081489565,0.0,469
77.22591918754497,28.64502862236124,37.166871920000006,0.21812956035137177,-0.03578120842576027,-0.24461889266967773,3.4552764179999897,0.18187043964862826,0.0,470
77.23041076396557,28.64502862236124,36.46105079000006,0.15212644636631012,-0.01574675366282463,-0.1959531605243683,2.7494552880000427,0.2478735536336899,0.0,471
77.25286864606855,28.64502862236124,33.42414001999998,0.5063620209693909,-0.17757932841777802,-0.488202303647995,-0.2874554820000341,0.0,0.0,472
77.34270017448051,28.64502862236124,35.266452800000025,0.2772558629512787,-0.07907000184059143,-0.2534443736076355,1.5548572980000088,0.12274413704872134,0.0,473
77.3471917509011,28.64502862236124,33.759105980000015,0.2726390063762665,-0.06633791327476501,-0.286050409078598,0.04751047799999952,0.12736099362373354,0.0,474
77.42804012647186,28.64502862236124,41.05316066,0.18309734761714935,0.01707385666668415,-0.21757692098617554,7.341565157999987,0.21690265238285067,0.01707385666668415,475
76.9609161787297,28.64952019878184,38.51186279000001,0.44109708070755005,-0.14347778260707855,-0.44873046875,4.8002672879999935,0.0,0.0,476
77.03727297787987,28.64952019878184,35.77402877000003,0.3621462285518646,-0.11812999844551086,-0.3607722222805023,2.0624332680000137,0.0378537714481354,0.0,477
77.12710450629181,28.64952019878184,37.30871975000002,0.22118575870990753,-0.04431719332933426,-0.2473435401916504,3.597124248000007,0.1788142412900925,0.0,478
77.1720202704978,28.64952019878184,34.890470600000015,0.4103878438472748,-0.11360225081443787,-0.3977022171020508,1.178875097999999,0.0,0.0,479
77.27532652817155,28.64952019878184,35.01010130000003,0.18491263687610626,-0.023174630478024483,-0.2219526171684265,1.298505798000015,0.21508736312389376,0.0,480
77.27981810459214,28.64952019878184,35.16391220000003,0.16327710449695587,-0.012122548185288906,-0.18757981061935425,1.4523166980000113,0.23672289550304415,0.0,481
77.32922544521871,28.64952019878184,37.64881274000004,0.2834470272064209,-0.011974950321018696,-0.2865423262119293,3.9372172380000237,0.11655297279357912,0.0,482
77.43702327931305,28.64952019878184,38.790431420000004,0.2577154040336609,-0.028345001861453056,-0.2773500084877014,5.078835917999989,0.14228459596633913,0.0,483
77.01032351935628,28.654011775202438,35.003265260000035,0.3897886276245117,-0.053768087178468704,-0.40978312492370605,1.291669758000019,0.010211372375488303,0.0,484
77.01481509577688,28.654011775202438,37.08654845000001,0.3782626688480377,-0.04919353500008583,-0.4095812141895294,3.3749529479999936,0.021737331151962302,0.0,485
77.01930667219747,28.654011775202438,36.62169773000005,0.39444807171821594,-0.07301504909992218,-0.40873634815216064,2.910102228000035,0.00555192828178408,0.0,486
77.06422243640345,28.654011775202438,38.01624989000004,0.19504892826080322,-0.005266651976853609,-0.22674405574798584,4.304654388000024,0.2049510717391968,0.0,487
77.08668031850644,28.654011775202438,35.19809240000001,0.3861313760280609,-0.11096533387899399,-0.38429853320121765,1.4864968979999915,0.013868623971939109,0.0,488
77.09117189492704,28.654011775202438,36.03208928000004,0.2998131215572357,-0.09263526648283005,-0.3248867392539978,2.3204937780000208,0.1001868784427643,0.0,489
77.1675286940772,28.654011775202438,35.37924745999999,0.2910902202129364,-0.06341198831796646,-0.31596308946609497,1.667651957999972,0.10890977978706362,0.0,490
77.26634337533035,28.654011775202438,34.45296403999998,0.28734880685806274,-0.0685148686170578,-0.3038424551486969,0.7413685379999677,0.11265119314193728,0.0,491
77.33371702163932,28.654011775202438,35.63218094000001,0.33966708183288574,-0.10371964424848557,-0.3408573567867279,1.9205854379999963,0.06033291816711428,0.0,492
77.39210751510709,28.654011775202438,36.43883366,0.3092339336872101,-0.034911587834358215,-0.3133772313594818,2.7272381579999845,0.09076606631278994,0.0,493
77.44600643215425,28.654011775202438,39.35440472000005,0.21146441996097565,-0.005216298624873161,-0.24542462825775146,5.642809218000032,0.18853558003902438,0.0,494
77.00583194293569,28.658503351623036,35.53989439999998,0.4617643654346466,-0.14939720928668976,-0.4733441174030304,1.8282988979999644,0.0,0.0,495
77.24388549322735,28.658503351623036,34.610192960000006,0.4500393271446228,-0.1521054208278656,-0.439079225063324,0.8985974579999905,0.0,0.0,496
77.27532652817155,28.658503351623036,35.94663878000006,0.1356116086244583,0.0100325345993042,-0.1767447143793106,2.2350432780000418,0.2643883913755417,0.0100325345993042,497
77.33820859805991,28.658503351623036,35.57065657999999,0.3829483687877655,-0.06806571036577225,-0.36848852038383484,1.859061077999975,0.01705163121223452,0.0,498
77.3516833273217,28.658503351623036,36.22008038000001,0.1885262429714203,-0.033518243581056595,-0.20359404385089874,2.5084848779999973,0.21147375702857973,0.0,499
77.46397273783664,28.658503351623036,40.74895688000004,0.253878116607666,-0.021837908774614334,-0.26698389649391174,7.037361378000021,0.146121883392334,0.0,500
76.95642460230911,28.662994928043634,37.60266947000002,0.36994054913520813,-0.0684315487742424,-0.38091418147087097,3.8910739680000077,0.030059450864791892,0.0,501
77.12261292987122,28.662994928043634,34.68538940000002,0.2873251140117645,-0.07614206522703171,-0.30428048968315125,0.9737938980000038,0.1126748859882355,0.0,502
77.1630371176566,28.662994928043634,37.61121452000003,0.21415531635284424,-0.030646182596683502,-0.24700511991977692,3.899619018000017,0.18584468364715578,0.0,503
77.1675286940772,28.662994928043634,37.94959849999998,0.19454042613506317,-0.009013340808451176,-0.22174528241157532,4.238002997999963,0.20545957386493685,0.0,504
77.1720202704978,28.662994928043634,38.92373420000001,0.18862614035606384,0.014613651670515537,-0.21654823422431946,5.212138697999997,0.21137385964393618,0.014613651670515537,505
77.18549499975958,28.662994928043634,37.915418300000056,0.2843967080116272,-0.055278848856687546,-0.30482715368270874,4.20382279800004,0.11560329198837282,0.0,506
77.22142761112437,28.662994928043634,36.11070374000002,0.24639876186847687,-0.041039273142814636,-0.2771682143211365,2.3991082380000037,0.15360123813152315,0.0,507
77.32473386879812,28.662994928043634,35.78940985999998,0.20979267358779907,-0.04798772558569908,-0.2495373636484146,2.077814357999962,0.19020732641220095,0.0,508
77.44151485573366,28.662994928043634,39.00234866000005,0.22755877673625946,-0.021969560533761978,-0.25668442249298096,5.290753158000037,0.17244122326374056,0.0,509
76.95642460230911,28.667486504464232,38.61611240000002,0.3343593180179596,-0.0726546198129654,-0.3594922125339508,4.904516898000004,0.06564068198204043,0.0,510
77.00134036651508,28.667486504464232,35.138277050000056,0.44930487871170044,-0.15594224631786346,-0.4487602710723877,1.4266815480000403,0.0,0.0,511
77.03727297787987,28.667486504464232,35.63901698000001,0.39762791991233826,-0.0910349115729332,-0.4039897918701172,1.9274214779999923,0.0023720800876617654,0.0,512
77.05074770714167,28.667486504464232,36.91052042000001,0.1834115833044052,0.01542308833450079,-0.22499500215053558,3.198924917999996,0.2165884166955948,0.01542308833450079,513
77.11362977703003,28.667486504464232,35.80820897000001,0.29927489161491394,-0.08332108706235886,-0.3090904653072357,2.096613467999994,0.10072510838508608,0.0,514
77.12261292987122,28.667486504464232,36.52941119000002,0.2589082717895508,-0.05638410151004791,-0.28201866149902344,2.817815688000003,0.14109172821044924,0.0,515
77.18998657618019,28.667486504464232,35.650980050000044,0.328204482793808,-0.10310874879360199,-0.34055274724960327,1.939384548000028,0.07179551720619204,0.0,516
77.22591918754497,28.667486504464232,34.78451198000005,0.38824427127838135,-0.11288972198963165,-0.38565897941589355,1.0729164780000318,0.011755728721618675,0.0,517
77.23041076396557,28.667486504464232,35.80820897000001,0.30175894498825073,-0.07417775690555573,-0.2936731278896332,2.096613467999994,0.09824105501174929,0.0,518
77.25736022248915,28.667486504464232,35.970564920000015,0.2552506625652313,-0.04035846143960953,-0.2731151282787323,2.2589694179999995,0.1447493374347687,0.0,519
77.29778441027453,28.667486504464232,34.76400386,0.11443538963794708,0.02125544473528862,-0.15861591696739197,1.0524083579999868,0.28556461036205294,0.02125544473528862,520
77.40558224436887,28.667486504464232,34.12825214000003,0.6019850969314575,-0.1951454132795334,-0.5031901001930237,0.4166566380000134,0.0,0.0,521
77.43253170289246,28.667486504464232,36.81481586000001,0.1935672163963318,-0.0021865020971745253,-0.21896104514598846,3.1032203579999944,0.20643278360366824,0.0,522
77.44600643215425,28.667486504464232,37.65223076000001,0.30927807092666626,-0.08038308471441269,-0.33373427391052246,3.9406352579999933,0.09072192907333376,0.0,523
76.99684879009449,28.671978080884827,39.41934709999998,0.2427130788564682,-0.004947872832417488,-0.2974362373352051,5.707751597999966,0.15728692114353182,0.0,524
77.05074770714167,28.671978080884827,36.942991610000036,0.28335991501808167,-0.029772300273180008,-0.30235812067985535,3.2313961080000198,0.11664008498191836,0.0,525
77.10464662418883,28.671978080884827,36.493521980000025,0.24252139031887054,-0.05364789813756943,-0.26722976565361023,2.7819264780000097,0.15747860968112948,0.0,526
77.22142761112437,28.671978080884827,34.39485769999999,0.4016808867454529,-0.12687948346138,-0.4007270634174347,0.6832621979999729,0.0,0.0,527
77.23041076396557,28.671978080884827,33.642893300000026,0.3610021770000458,-0.1175815686583519,-0.3607654869556427,-0.06870220199999011,0.038997822999954246,0.0,528
77.23939391680676,28.671978080884827,35.60654579000004,0.4012516438961029,-0.11310094594955444,-0.394926518201828,1.8949502880000253,0.0,0.0,529
77.28430968101274,28.671978080884827,34.96566704000003,0.21542595326900482,-0.035203978419303894,-0.23321713507175446,1.2540715380000123,0.1845740467309952,0.0,530
77.37863278584528,28.671978080884827,40.772883019999995,0.20171955227851868,-0.015600576996803284,-0.24514620006084442,7.061287517999979,0.19828044772148135,0.0,531
77.45049800857485,28.671978080884827,37.06091330000004,0.382639080286026,-0.10026127845048904,-0.369081050157547,3.3493177980000226,0.01736091971397402,0.0,532
77.00134036651508,28.676469657305425,39.335605610000016,0.3074778616428375,0.016912322491407394,-0.3350036144256592,5.624010108,0.0925221383571625,0.016912322491407394,533
77.18998657618019,28.676469657305425,35.288669930000026,0.39678525924682617,-0.10295161604881287,-0.3773323595523834,1.5770744280000102,0.0032147407531738503,0.0,534
77.23490234038616,28.676469657305425,32.20048886000001,0.34903600811958313,-0.11863484233617783,-0.3302159011363983,-1.5111066420000085,0.05096399188041689,0.0,535
77.25736022248915,28.676469657305425,34.67855336000002,0.30242109298706055,-0.08825255185365677,-0.324777752161026,0.9669578580000078,0.09757890701293948,0.0,536
77.3471917509011,28.676469657305425,36.63366080000003,0.2547312378883362,-0.017607932910323143,-0.2798087000846863,2.922065298000014,0.14526876211166384,0.0,537
77.36066648016289,28.676469657305425,39.884197820000054,0.20076067745685577,-0.005757962819188833,-0.251549631357193,6.172602318000038,0.19923932254314425,0.0,538
76.96540775515031,28.680961233726023,38.657128639999996,0.24249239265918732,-0.0060941134579479694,-0.28643253445625305,4.9455331379999805,0.1575076073408127,0.0,539
77.01032351935628,28.680961233726023,40.73357579000003,0.23960041999816895,0.023862391710281372,-0.27650320529937744,7.021980288000016,0.16039958000183108,0.023862391710281372,540
77.08668031850644,28.680961233726023,37.51038292999999,0.25566795468330383,-0.05801471322774887,-0.2746739983558655,3.798787427999976,0.1443320453166962,0.0,541
77.10913820060944,28.680961233726023,35.71421342000002,0.4324835240840912,-0.12423718720674515,-0.4275869131088257,2.0026179180000057,0.0,0.0,542
77.18549499975958,28.680961233726023,34.13850620000005,0.376666784286499,-0.10501880943775177,-0.36076846718788147,0.4269106980000359,0.023333215713501,0.0,543
77.26634337533035,28.680961233726023,34.8221102,0.11769168823957443,0.023438293486833572,-0.1545628309249878,1.1105146979999816,0.2823083117604256,0.023438293486833572,544
77.27083495175094,28.680961233726023,34.98104812999998,0.10874845087528229,0.026510203257203102,-0.14830240607261658,1.2694526279999607,0.29125154912471773,0.026510203257203102,545
77.31125913953632,28.680961233726023,33.253239020000024,0.3164415955543518,-0.08889161795377731,-0.3370783030986786,-0.4583564819999921,0.08355840444564822,0.0,546
77.3561749037423,28.680961233726023,37.594124420000014,0.19990000128746033,-0.016830064356327057,-0.24497632682323456,3.8825289179999984,0.2000999987125397,0.0,547
77.36066648016289,28.680961233726023,35.42026370000002,0.25918474793434143,-0.06491561233997345,-0.28819602727890015,1.7086681980000051,0.1408152520656586,0.0,548
77.41905697363066,28.680961233726023,39.5389778,0.11184248328208923,0.04056479036808014,-0.17426732182502747,5.827382297999982,0.2881575167179108,0.04056479036808014,549
77.45948116141604,28.680961233726023,35.30746904,0.5008431673049927,-0.1327674239873886,-0.47647231817245483,1.595873537999985,0.0,0.0,550
77.02379824861808,28.68545281014662,40.00211951000006,0.2058652937412262,0.01639290153980255,-0.25307196378707886,6.290524008000041,0.19413470625877383,0.01639290153980255,551
77.08668031850644,28.68545281014662,38.09486435000002,0.29925742745399475,-0.05296497046947479,-0.31865164637565613,4.383268848000007,0.10074257254600527,0.0,552
77.12261292987122,28.68545281014662,36.796016750000035,0.39097273349761963,-0.12111954391002655,-0.37718749046325684,3.0844212480000195,0.009027266502380393,0.0,553
77.14057923555362,28.68545281014662,37.04040517999999,0.2236894816160202,-0.043253641575574875,-0.25086480379104614,3.3288096779999776,0.17631051838397982,0.0,554
77.14956238839481,28.68545281014662,37.74280829000003,0.2664395868778229,-0.04722696170210838,-0.2980341613292694,4.031212788000012,0.13356041312217715,0.0,555
77.26185179890975,28.68545281014662,33.54035270000003,0.13298490643501282,0.016904965043067932,-0.16116170585155487,-0.17124280199998765,0.2670150935649872,0.016904965043067932,556
77.26634337533035,28.68545281014662,33.530098640000006,0.10763141512870789,0.002644567284733057,-0.14891745150089264,-0.18149686200001014,0.29236858487129214,0.002644567284733057,557
77.27532652817155,28.68545281014662,34.22224769000002,0.13883712887763977,0.006357451900839806,-0.17445947229862213,0.5106521880000017,0.26116287112236025,0.006357451900839806,558
77.32473386879812,28.68545281014662,34.32307928,0.3502490818500519,-0.10604687035083771,-0.36967071890830994,0.611483777999986,0.04975091814994814,0.0,559
77.37863278584528,28.68545281014662,37.365117080000005,0.19599442183971405,0.02945837378501892,-0.22172994911670685,3.653521577999989,0.20400557816028597,0.02945837378501892,560
77.40558224436887,28.68545281014662,37.32410084000003,0.26099953055381775,-0.031273361295461655,-0.3002222180366516,3.6125053380000125,0.13900046944618227,0.0,561
77.42804012647186,28.68545281014662,40.39006477999999,0.18405452370643616,0.0199261661618948,-0.2417600005865097,6.678469277999973,0.21594547629356386,0.0199261661618948,562
77.45498958499545,28.68545281014662,34.55208662000001,0.4881661534309387,-0.15525156259536743,-0.47776487469673157,0.8404911179999957,0.0,0.0,563
77.03278140145927,28.68994438656722,35.58261965000003,0.238717183470726,-0.014800948090851307,-0.2705545425415039,1.8710241480000107,0.161282816529274,0.0,564
77.08668031850644,28.68994438656722,37.404424310000024,0.3076811730861664,-0.07833503186702728,-0.33504658937454224,3.6928288080000087,0.09231882691383364,0.0,565
77.10464662418883,28.68994438656722,36.80285279000003,0.38621628284454346,-0.13053864240646362,-0.379702627658844,3.0912572880000155,0.013783717155456565,0.0,566
77.14057923555362,28.68994438656722,36.84899605999999,0.30458521842956543,-0.09207221120595932,-0.3091363310813904,3.1374005579999746,0.09541478157043459,0.0,567
77.40558224436887,28.68994438656722,37.46423966000003,0.17932891845703125,-0.00203685462474823,-0.23741240799427032,3.7526441580000167,0.22067108154296877,0.0,568
77.02379824861808,28.694435962987818,37.007933990000026,0.26255518198013306,0.006739540491253138,-0.31976521015167236,3.2963384880000106,0.13744481801986697,0.006739540491253138,569
77.17651184691839,28.694435962987818,34.81014713000002,0.3177391290664673,-0.09124404191970825,-0.3142833113670349,1.0985516280000027,0.08226087093353274,0.0,570
77.23041076396557,28.694435962987818,31.381873069999983,0.40359047055244446,-0.1995546668767929,-0.38315916061401367,-2.3297224320000325,0.0,0.0,571
77.30227598669512,28.694435962987818,35.76719273000003,0.24373511970043182,-0.05031989514827728,-0.27492770552635193,2.0555972280000177,0.1562648802995682,0.0,572
77.44151485573366,28.694435962987818,37.75135334000004,0.3179244101047516,-0.03989213705062866,-0.34159743785858154,4.039757838000021,0.08207558989524844,0.0,573
76.96540775515031,28.698927539408416,40.08415199000001,0.20789508521556854,0.006783121265470982,-0.28342998027801514,6.372556487999994,0.19210491478443148,0.006783121265470982,574
76.9788824844121,28.698927539408416,39.487707500000056,0.2666063904762268,-0.00021665485110133886,-0.3305342495441437,5.77611199800004,0.13339360952377322,0.0,575
77.17651184691839,28.698927539408416,36.55162832000002,0.29458796977996826,-0.06860561668872833,-0.305772989988327,2.8400328180000045,0.10541203022003176,0.0,576
77.26634337533035,28.698927539408416,34.347005420000016,0.17590156197547913,-0.01907401531934738,-0.21105621755123138,0.6354099180000006,0.2240984380245209,0.0,577
77.33820859805991,28.698927539408416,35.35532132000003,0.21916480362415314,-0.049116216599941254,-0.25601479411125183,1.6437258180000143,0.18083519637584688,0.0,578
77.3516833273217,28.698927539408416,34.29573512000002,0.38111308217048645,-0.0885143056511879,-0.3630085587501526,0.5841396180000018,0.018886917829513572,0.0,579
77.01930667219747,28.70341911582901,37.365117080000005,0.3756502866744995,-0.07528988271951675,-0.38538363575935364,3.653521577999989,0.02434971332550051,0.0,580
77.10913820060944,28.70341911582901,37.14294577999999,0.2933880090713501,-0.06788624823093414,-0.3084002435207367,3.431350277999975,0.10661199092864992,0.0,581
77.13159608271242,28.70341911582901,36.606316640000045,0.26047253608703613,-0.06367708742618561,-0.28418436646461487,2.8947211380000297,0.1395274639129639,0.0,582
77.1540539648154,28.70341911582901,35.26987082000005,0.3436531126499176,-0.11174023896455765,-0.3565638065338135,1.5582753180000353,0.05634688735008242,0.0,583
77.19447815260078,28.70341911582901,36.10557671000004,0.28486332297325134,-0.06297851353883743,-0.2973973751068115,2.393981208000021,0.11513667702674868,0.0,584
77.27532652817155,28.70341911582901,34.39143968000002,0.23740825057029724,-0.05843855068087578,-0.2696482241153717,0.6798441780000033,0.16259174942970278,0.0,585
77.36066648016289,28.70341911582901,35.41000964,0.3954717218875885,-0.04861196130514145,-0.41096577048301697,1.6984141379999826,0.004528278112411521,0.0,586
77.43702327931305,28.70341911582901,36.637078820000056,0.33127298951148987,-0.08933524787425995,-0.31755924224853516,2.9254833180000404,0.06872701048851015,0.0,587
77.01032351935628,28.70791069224961,38.074356230000035,0.3797052800655365,-0.0881674662232399,-0.41587647795677185,4.362760728000019,0.020294719934463523,0.0,588
77.01930667219747,28.70791069224961,37.01818805000005,0.35705021023750305,-0.05501612648367882,-0.358947217464447,3.306592548000033,0.04294978976249697,0.0,589
77.10015504776824,28.70791069224961,37.594124420000014,0.20898881554603577,-0.031202109530568123,-0.23562422394752502,3.8825289179999984,0.19101118445396426,0.0,590
77.23041076396557,28.70791069224961,33.30280031000001,0.2520507574081421,-0.07135112583637238,-0.25889819860458374,-0.4087951920000066,0.14794924259185793,0.0,591
77.28880125743333,28.70791069224961,37.70008303999998,0.13161499798297882,0.031557876616716385,-0.184280663728714,3.9884875379999656,0.2683850020170212,0.031557876616716385,592
77.33371702163932,28.70791069224961,35.24252666000001,0.25386103987693787,-0.003874225774779916,-0.2849503755569458,1.5309311579999942,0.14613896012306216,0.0,593
77.33820859805991,28.70791069224961,35.89536848,0.29306864738464355,-0.0036915086675435305,-0.326907753944397,2.183772977999986,0.10693135261535647,0.0,594
76.99684879009449,28.712402268670207,36.37389128000001,0.2945422828197479,-0.007573216687887907,-0.3484173119068146,2.6622957779999936,0.1054577171802521,0.0,595
77.1540539648154,28.712402268670207,36.01670819000003,0.29941266775131226,-0.07116017490625381,-0.3095742166042328,2.3051126880000155,0.10058733224868777,0.0,596
77.27532652817155,28.712402268670207,34.64095514000002,0.10453222692012787,0.032006580382585526,-0.15200118720531464,0.9293596380000011,0.29546777307987215,0.032006580382585526,597
77.28430968101274,28.712402268670207,35.81846303000003,0.14369083940982819,-0.008623755536973476,-0.17573341727256775,2.1068675280000164,0.25630916059017184,0.0,598
77.32024229237751,28.712402268670207,34.28889908000002,0.270002543926239,-0.053511980921030045,-0.31001609563827515,0.5773035780000058,0.129997456073761,0.0,599
77.33371702163932,28.712402268670207,35.07846170000005,0.3707367777824402,-0.047815170139074326,-0.39160406589508057,1.3668661980000323,0.029263222217559837,0.0,600
77.3516833273217,28.712402268670207,33.909498859999985,0.3712652027606964,-0.09257104992866516,-0.3913668692111969,0.1979033579999694,0.02873479723930361,0.0,601
77.40558224436887,28.712402268670207,34.19319452000002,0.4285549819469452,-0.058552201837301254,-0.4194740653038025,0.48159901800000426,0.0,0.0,602
77.41456539721007,28.712402268670207,34.45638206000001,0.3570018708705902,-0.03478890284895897,-0.3866312503814697,0.7447865579999942,0.04299812912940981,0.0,603
77.05973085998285,28.716893845090805,36.97888082000003,0.27102038264274597,-0.05643417313694954,-0.29803603887557983,3.267285318000013,0.12897961735725405,0.0,604
77.08218874208585,28.716893845090805,38.380269020000014,0.2547186613082886,-0.049692124128341675,-0.2994305193424225,4.6686735179999985,0.14528133869171145,0.0,605
77.11362977703003,28.716893845090805,35.85264323000001,0.3652798533439636,-0.11135590821504593,-0.3887624144554138,2.1410477279999967,0.0347201466560364,0.0,606
77.12261292987122,28.716893845090805,35.300633000000005,0.34398356080055237,-0.1009938046336174,-0.35004928708076477,1.589037497999989,0.056016439199447654,0.0,607
77.14956238839481,28.716893845090805,33.654856370000005,0.5691514015197754,-0.19286590814590454,-0.5291874408721924,-0.05673913200001124,0.0,0.0,608
77.37414120942469,28.716893845090805,35.29037893999998,0.46680471301078796,-0.10825788229703903,-0.4498659670352936,1.5787834379999666,0.0,0.0,609
77.40109066794828,28.716893845090805,34.282063040000025,0.4386829435825348,-0.10869471728801727,-0.4050089120864868,0.5704675380000097,0.0,0.0,610
77.42804012647186,28.716893845090805,34.06330976000004,0.38090285658836365,-0.0942435935139656,-0.41890594363212585,0.35171425800002254,0.019097143411636375,0.0,611
77.44600643215425,28.716893845090805,34.36409551999998,0.41442471742630005,-0.10301149636507034,-0.4107687175273895,0.6525000179999623,0.0,0.0,612
77.03727297787987,28.721385421511403,35.59287371000005,0.30562344193458557,-0.059327222406864166,-0.3027404844760895,1.8812782080000332,0.09437655806541445,0.0,613
77.10464662418883,28.721385421511403,36.23717048000003,0.3177700340747833,-0.08170118927955627,-0.3337615132331848,2.525574978000016,0.0822299659252167,0.0,614
77.14057923555362,28.721385421511403,35.44589885000005,0.39583706855773926,-0.142988920211792,-0.4024718403816223,1.734303348000033,0.004162931442260764,0.0,615
77.18100342333899,28.721385421511403,37.25915845999998,0.18371109664440155,0.014104721136391163,-0.22246594727039337,3.547562957999965,0.21628890335559847,0.014104721136391163,616
77.20346130544198,28.721385421511403,35.87315135000006,0.34196215867996216,-0.06118985265493393,-0.3666556179523468,2.1615558480000416,0.058037841320037864,0.0,617
77.32473386879812,28.721385421511403,35.06137160000003,0.3207872211933136,-0.0847260057926178,-0.3590050935745239,1.3497760980000137,0.07921277880668642,0.0,618
77.42804012647186,28.721385421511403,35.40317360000006,0.40083014965057373,-0.08536317199468613,-0.3858090043067932,1.6915780980000434,0.0,0.0,619
76.95642460230911,28.725876997932,37.02160607000002,0.2643984854221344,-0.02280307747423649,-0.2998829483985901,3.3100105680000027,0.13560151457786562,0.0,620
77.03278140145927,28.725876997932,35.35873934000006,0.29153433442115784,-0.0702442154288292,-0.3043951988220215,1.6471438380000407,0.10846566557884219,0.0,621
77.03727297787987,28.725876997932,35.91074957000001,0.2790963351726532,-0.05292772874236107,-0.3030569553375244,2.1991540679999915,0.12090366482734682,0.0,622
77.06422243640345,28.725876997932,37.03015112000003,0.15854571759700775,0.01957145519554615,-0.20897985994815826,3.318555618000012,0.24145428240299227,0.01957145519554615,623
77.18549499975958,28.725876997932,36.558464360000016,0.2547798752784729,-0.04032615199685097,-0.2603626251220703,2.8468688580000006,0.14522012472152712,0.0,624
77.22142761112437,28.725876997932,33.25836605000001,0.18004098534584045,-0.023305313661694527,-0.20340704917907715,-0.4532294520000093,0.21995901465415957,0.0,625
77.23041076396557,28.725876997932,32.036423900000045,0.46732252836227417,-0.17086641490459442,-0.45992738008499146,-1.6751716019999705,0.0,0.0,626
77.27083495175094,28.725876997932,35.59800074000003,0.1285894513130188,0.015749702230095863,-0.1748546063899994,1.886405238000016,0.2714105486869812,0.015749702230095863,627
77.34270017448051,28.725876997932,35.28696092000001,0.370638906955719,-0.03209755942225456,-0.39362460374832153,1.575365417999997,0.029361093044281028,0.0,628
77.3561749037423,28.725876997932,34.98275713999999,0.3899776339530945,-0.04750991612672806,-0.4036220610141754,1.271161637999974,0.01002236604690554,0.0,629
77.45049800857485,28.725876997932,36.91052042000001,0.2987271249294281,-0.016102926805615425,-0.33660149574279785,3.198924917999996,0.10127287507057192,0.0,630
76.9609161787297,28.730368574352596,38.725489040000014,0.3143128454685211,-0.044564247131347656,-0.3601936995983124,5.013893537999998,0.0856871545314789,0.0,631
77.14956238839481,28.730368574352596,36.73107436999999,0.32055577635765076,-0.09915276616811752,-0.3314627707004547,3.019478867999972,0.07944422364234927,0.0,632
77.23939391680676,28.730368574352596,29.973648830000002,0.2843357026576996,-0.18491995334625244,-0.2830272912979126,-3.737946672000014,0.11566429734230044,0.0,633
77.28430968101274,28.730368574352596,34.76742188000003,0.22642365097999573,-0.01681535691022873,-0.25181254744529724,1.0558263780000132,0.1735763490200043,0.0,634
77.33371702163932,28.730368574352596,33.74543390000002,0.38189294934272766,-0.05384409800171852,-0.3802870810031891,0.03383839800000743,0.01810705065727236,0.0,635
77.36066648016289,28.730368574352596,35.92613066000001,0.39406129717826843,-0.09154029935598373,-0.39415982365608215,2.214535157999997,0.00593870282173159,0.0,636
77.39659909152768,28.730368574352596,35.25619874000006,0.4366384744644165,-0.03936709091067314,-0.40670061111450195,1.5446032380000432,0.0,0.0,637
77.41007382078946,28.730368574352596,35.461279940000054,0.3697815239429474,-0.037378616631031036,-0.3896849751472473,1.7496844380000383,0.030218476057052635,0.0,638
76.96540775515031,28.734860150773194,43.13131682000005,0.2140773981809616,0.03749009966850281,-0.3017119765281677,9.419721318000036,0.1859226018190384,0.03749009966850281,639
76.9923572136739,28.734860150773194,35.56211153000004,0.3458157479763031,-0.03929116204380989,-0.37701478600502014,1.8505160280000226,0.05418425202369692,0.0,640
77.12261292987122,28.734860150773194,36.08506858999999,0.27469080686569214,-0.06256891041994095,-0.28830820322036743,2.373473087999976,0.12530919313430788,0.0,641
77.13608765913301,28.734860150773194,35.331395180000015,0.41376450657844543,-0.1600993275642395,-0.4020065367221832,1.6197996779999997,0.0,0.0,642
77.20795288186258,28.734860150773194,33.58478696000003,0.29410892724990845,-0.07279437780380249,-0.2927759885787964,-0.12680854199998493,0.10589107275009157,0.0,643
77.21693603470378,28.734860150773194,33.465156260000015,0.3581084907054901,-0.10022128373384476,-0.3574161231517792,-0.246439242000001,0.04189150929450991,0.0,644
77.22591918754497,28.734860150773194,34.34529641000006,0.3470733165740967,-0.0971328616142273,-0.34469082951545715,0.6337009080000442,0.05292668342590334,0.0,645
77.28430968101274,28.734860150773194,34.98275713999999,0.3553958237171173,-0.09610120207071304,-0.3614358603954315,1.271161637999974,0.04460417628288271,0.0,646
77.41905697363066,28.734860150773194,35.97398294000004,0.3668864369392395,-0.025379003956913948,-0.3876800835132599,2.262387438000026,0.03311356306076052,0.0,647
77.43253170289246,28.734860150773194,35.481788059999985,0.40795108675956726,-0.11093278229236603,-0.4225480258464813,1.7701925579999696,0.0,0.0,648
77.05074770714167,28.739351727193792,37.66932086000003,0.32735973596572876,-0.011289901100099087,-0.3804677426815033,3.957725358000012,0.07264026403427126,0.0,649
77.07320558924465,28.739351727193792,35.84409818000006,0.3924647569656372,-0.06311147660017014,-0.42190274596214294,2.1325026780000442,0.007535243034362815,0.0,650
77.10015504776824,28.739351727193792,37.071167360000004,0.2616221606731415,-0.026542572304606438,-0.3107259273529053,3.3595718579999883,0.13837783932685854,0.0,651
77.1540539648154,28.739351727193792,39.27237223999998,0.19772891700267792,-0.0007872807909734547,-0.2484205812215805,5.560776737999966,0.2022710829973221,0.0,652
77.1720202704978,28.739351727193792,35.00839229000002,0.40487682819366455,-0.12671978771686554,-0.4049849212169647,1.2967967880000018,0.0,0.0,653
77.37863278584528,28.739351727193792,34.808438120000005,0.4866733253002167,-0.08884670585393906,-0.43657130002975464,1.0968426179999895,0.0,0.0,654
77.38761593868648,28.739351727193792,34.049637680000046,0.4489062428474426,-0.12536019086837769,-0.4340181350708008,0.33804217800003045,0.0,0.0,655
77.43253170289246,28.739351727193792,35.58774668000001,0.3861805498600006,-0.05478312820196152,-0.398935467004776,1.8761511779999935,0.013819450139999412,0.0,656
76.9743909079915,28.74384330361439,39.32535155000005,0.32902073860168457,-0.03183078020811081,-0.37814515829086304,5.613756048000035,0.07097926139831545,0.0,657
77.11812135345062,28.74384330361439,37.65393977000002,0.3383152484893799,-0.07913072407245636,-0.352977991104126,3.9423442680000065,0.06168475151062014,0.0,658
77.18549499975958,28.74384330361439,35.01010130000003,0.14090485870838165,0.013297079131007195,-0.1958186775445938,1.298505798000015,0.25909514129161837,0.013297079131007195,659
77.20346130544198,28.74384330361439,34.04280163999999,0.16477355360984802,-0.003074291395023465,-0.20156987011432648,0.33120613799997756,0.235226446390152,0.0,660
77.27532652817155,28.74384330361439,34.917814760000056,0.23183320462703705,-0.014271984808146954,-0.27575212717056274,1.20621925800004,0.16816679537296297,0.0,661
77.30676756311573,28.74384330361439,34.890470600000015,0.20205281674861908,0.028254205361008644,-0.2658684551715851,1.178875097999999,0.19794718325138094,0.028254205361008644,662
77.3516833273217,28.74384330361439,33.51300853999999,0.3402918875217438,-0.04448482766747475,-0.3695532977581024,-0.19858696200002868,0.05970811247825625,0.0,663
77.41905697363066,28.74384330361439,35.762065699999994,0.31786048412323,0.0021642311476171017,-0.34717828035354614,2.050470197999978,0.08213951587677004,0.0021642311476171017,664
77.46397273783664,28.74384330361439,33.62238518000004,0.37241896986961365,-0.05755292624235153,-0.36501413583755493,-0.08921032199997825,0.027581030130386375,0.0,665
77.01032351935628,28.74833488003499,35.73984857000005,0.3297504484653473,-0.013592025265097618,-0.36751294136047363,2.0282530680000335,0.07024955153465273,0.0,666
77.17651184691839,28.74833488003499,32.08940321,0.2959206998348236,-0.1607494205236435,-0.30011874437332153,-1.6221922920000154,0.10407930016517641,0.0,667
77.20346130544198,28.74833488003499,33.84455648000005,0.1582573652267456,-0.0246601440012455,-0.19174298644065857,0.13296097800003537,0.24174263477325442,0.0,668
77.27083495175094,28.74833488003499,34.316243240000006,0.2790509760379791,-0.04662078991532326,-0.31118151545524597,0.6046477379999899,0.1209490239620209,0.0,669
77.3561749037423,28.74833488003499,33.91975292000001,0.3052881062030792,0.013562647625803947,-0.36660265922546387,0.20815741799999188,0.0947118937969208,0.013562647625803947,670
77.45498958499545,28.74833488003499,35.25619874000006,0.347918301820755,-0.05087995156645775,-0.3611651360988617,1.5446032380000432,0.05208169817924502,0.0,671
77.01930667219747,28.752826456455587,34.28719007000001,0.5199599862098694,-0.13056954741477966,-0.5021856427192688,0.5755945679999925,0.0,0.0,672
77.06422243640345,28.752826456455587,37.007933990000026,0.42165032029151917,-0.07208827883005142,-0.43386536836624146,3.2963384880000106,0.0,0.0,673
77.10913820060944,28.752826456455587,37.57019828,0.27971673011779785,0.005398644600063562,-0.3107011914253235,3.858602777999984,0.12028326988220217,0.005398644600063562,674
77.11812135345062,28.752826456455587,36.416616530000056,0.39505892992019653,-0.08564530313014984,-0.3984220623970032,2.70502102800004,0.004941070079803489,0.0,675
77.25286864606855,28.752826456455587,35.21347349000001,0.3002801239490509,-0.00628643948584795,-0.3123756945133209,1.5018779879999968,0.09971987605094912,0.0,676
77.27532652817155,28.752826456455587,34.63753712000005,0.24854831397533417,-0.02208968997001648,-0.30690547823905945,0.9259416180000315,0.15145168602466585,0.0,677
77.3471917509011,28.752826456455587,34.24788283999999,0.4154134690761566,-0.06558125466108322,-0.4311571717262268,0.5362873379999726,0.0,0.0,678
77.40558224436887,28.752826456455587,35.16391220000003,0.38882631063461304,-0.10046946257352829,-0.46321433782577515,1.4523166980000113,0.011173689365386985,0.0,679
77.41007382078946,28.752826456455587,36.28844078000003,0.401470810174942,-0.12144482135772705,-0.4225075840950012,2.5768452780000146,0.0,0.0,680
77.45498958499545,28.752826456455587,35.119477940000024,0.32250726222991943,-0.049584612250328064,-0.3281486928462982,1.4078824380000086,0.07749273777008059,0.0,681
76.9743909079915,28.75731803287618,37.477911740000025,0.39075738191604614,-0.08495403826236725,-0.4171242117881775,3.766316238000009,0.00924261808395388,0.0,682
77.03727297787987,28.75731803287618,34.471763150000015,0.42692577838897705,-0.110486701130867,-0.41735950112342834,0.7601676479999995,0.0,0.0,683
77.04176455430047,28.75731803287618,37.09167548000005,0.3460259437561035,-0.02672489546239376,-0.38115590810775757,3.3800799780000332,0.05397405624389651,0.0,684
77.04625613072106,28.75731803287618,36.93615556999998,0.3461061418056488,-0.02593524381518364,-0.3806620240211487,3.224560067999967,0.05389385819435122,0.0,685
77.11812135345062,28.75731803287618,36.37218227000005,0.38281092047691345,-0.07829795777797699,-0.4180406630039215,2.6605867680000372,0.01718907952308657,0.0,686
77.18998657618019,28.75731803287618,33.318181400000014,0.18139304220676422,-0.007457626983523369,-0.22166216373443604,-0.39341410200000126,0.2186069577932358,0.0,687
77.23939391680676,28.75731803287618,35.35873934000006,0.40236207842826843,-0.09400893747806549,-0.3928273022174835,1.6471438380000407,0.0,0.0,688
77.28430968101274,28.75731803287618,34.41194780000001,0.23276281356811523,-0.045420050621032715,-0.2873436212539673,0.7003522979999914,0.1672371864318848,0.0,689
77.32473386879812,28.75731803287618,35.27328884000002,0.38066717982292175,-0.038904763758182526,-0.3929021656513214,1.5616933380000049,0.01933282017707827,0.0,690
77.45049800857485,28.75731803287618,34.34016938000002,0.36110690236091614,-0.01176689937710762,-0.38873735070228577,0.6285738780000045,0.038893097639083885,0.0,691
77.45498958499545,28.75731803287618,34.34016938000002,0.44392991065979004,-0.09543745964765549,-0.41145214438438416,0.6285738780000045,0.0,0.0,692
76.9609161787297,28.76180960929678,36.63878783000001,0.3603743016719818,-0.0765136107802391,-0.4037812054157257,2.9271923279999967,0.03962569832801821,0.0,693
76.9878656372533,28.76180960929678,36.70202119999999,0.25181928277015686,-0.027951998636126518,-0.304033488035202,2.9904256979999744,0.14818071722984316,0.0,694
77.06422243640345,28.76180960929678,36.86608616000001,0.29789501428604126,-0.02976498007774353,-0.3449576497077942,3.154490657999993,0.10210498571395876,0.0,695
77.09117189492704,28.76180960929678,36.92248348999999,0.38885197043418884,-0.049244243651628494,-0.407725989818573,3.2108879879999748,0.01114802956581118,0.0,696
77.1630371176566,28.76180960929678,38.27089238000002,0.2508547008037567,-0.009359624236822128,-0.2769351601600647,4.559296878000005,0.1491452991962433,0.0,697
77.1720202704978,28.76180960929678,35.42197270999998,0.22684669494628906,-0.006084021180868149,-0.26132774353027344,1.7103772079999615,0.17315330505371096,0.0,698
77.19896972902139,28.76180960929678,34.38460364000002,0.3221009075641632,-0.05566704645752907,-0.33266326785087585,0.6730081380000072,0.07789909243583681,0.0,699
77.21244445828317,28.76180960929678,32.726863940000044,0.44161128997802734,-0.14027686417102814,-0.43565645813941956,-0.9847315619999719,0.0,0.0,700
77.32922544521871,28.76180960929678,33.57453290000001,0.41536635160446167,-0.10537673532962799,-0.4204098582267761,-0.13706260200000742,0.0,0.0,701
77.33820859805991,28.76180960929678,33.902662820000046,0.36796221137046814,0.0006686710985377431,-0.3762960433959961,0.19106731800003018,0.03203778862953188,0.0006686710985377431,702
77.39210751510709,28.76180960929678,35.34848527999998,0.399572491645813,-0.05947341024875641,-0.414239764213562,1.6368897779999614,0.0004275083541870339,0.0,703
77.41905697363066,28.76180960929678,34.01545748000001,0.4161209166049957,-0.12081778794527054,-0.44731825590133667,0.30386197799999337,0.0,0.0,704
77.44600643215425,28.76180960929678,34.66488128000003,0.36687982082366943,-0.03612988442182541,-0.39796051383018494,0.9532857780000157,0.03312017917633059,0.0,705
77.05523928356226,28.766301185717378,37.44885857000003,0.28613343834877014,0.00708048976957798,-0.32275959849357605,3.7372630680000114,0.11386656165122988,0.00708048976957798,706
77.08218874208585,28.766301185717378,37.132691720000025,0.4165114462375641,-0.03580567613244057,-0.4417082667350769,3.4210962180000095,0.0,0.0,707
77.11362977703003,28.766301185717378,34.91439674000003,0.40980541706085205,-0.13595876097679138,-0.42587751150131226,1.2028012380000135,0.0,0.0,708
77.22591918754497,28.766301185717378,31.328893760000028,0.3422614634037018,-0.10125096887350082,-0.3496932089328766,-2.3827017419999876,0.05773853659629824,0.0,709
77.23939391680676,28.766301185717378,33.241275950000045,0.35462096333503723,-0.10138905048370361,-0.3569977879524231,-0.470319551999971,0.04537903666496279,0.0,710
77.43702327931305,28.766301185717378,35.150240120000035,0.3898780941963196,-0.031425703316926956,-0.40024247765541077,1.4386446180000192,0.010121905803680442,0.0,711
76.96540775515031,28.770792762137976,35.015228330000014,0.3063898980617523,-0.026011250913143158,-0.34490659832954407,1.3036328279999978,0.0936101019382477,0.0,712
76.99684879009449,28.770792762137976,37.40955134000001,0.32120272517204285,-0.009161058813333511,-0.3364901542663574,3.6979558379999915,0.07879727482795718,0.0,713
77.06422243640345,28.770792762137976,36.58922654000003,0.3685937523841858,-0.04485835134983063,-0.3945738673210144,2.877631038000011,0.03140624761581423,0.0,714
77.18100342333899,28.770792762137976,34.81014713000002,0.2824726104736328,-0.039975181221961975,-0.30204153060913086,1.0985516280000027,0.11752738952636721,0.0,715
77.24388549322735,28.770792762137976,34.15730531000003,0.410122811794281,-0.06941276788711548,-0.4136814773082733,0.4457098080000108,0.0,0.0,716
77.3471917509011,28.770792762137976,32.92852712000001,0.4480045437812805,-0.10065238177776337,-0.4568999111652374,-0.7830683820000033,0.0,0.0,717
77.3561749037423,28.770792762137976,35.81675402000002,0.4362448751926422,-0.05616585165262222,-0.4127780795097351,2.105158518000003,0.0,0.0,718
77.36066648016289,28.770792762137976,35.52280430000002,0.36836516857147217,-0.06029064580798149,-0.4015803039073944,1.8112087980000027,0.031634831428527854,0.0,719
77.42354855005127,28.770792762137976,32.27568530000002,0.46475526690483093,-0.12907619774341583,-0.4609116017818451,-1.4359102019999952,0.0,0.0,720
77.00134036651508,28.775284338558574,37.90858226,0.36620089411735535,-0.07118745893239975,-0.38353368639945984,4.196986757999987,0.033799105882644676,0.0,721
77.06871401282405,28.775284338558574,36.54650129000004,0.4252914786338806,-0.07102111726999283,-0.43888550996780396,2.8349057880000217,0.0,0.0,722
77.14956238839481,28.775284338558574,37.517218970000044,0.2836698293685913,-0.037986744195222855,-0.32048487663269043,3.8056234680000287,0.11633017063140871,0.0,723
77.1540539648154,28.775284338558574,36.69518516000005,0.3261953890323639,-0.04859912022948265,-0.3515995740890503,2.983589658000035,0.07380461096763613,0.0,724
77.24388549322735,28.775284338558574,35.314305080000054,0.3808688521385193,-0.09199642390012741,-0.4128499925136566,1.602709578000038,0.019131147861480735,0.0,725
77.33371702163932,28.775284338558574,35.608254800000054,0.37273696064949036,-0.04814710095524788,-0.3990190923213959,1.8966592980000385,0.027263039350509666,0.0,726
77.40558224436887,28.775284338558574,35.89878650000003,0.3848055303096771,-0.03477068617939949,-0.39222052693367004,2.1871909980000126,0.015194469690322898,0.0,727
77.42804012647186,28.775284338558574,34.14876026000002,0.383188933134079,-0.07122856378555298,-0.3784774839878082,0.43716475800000154,0.016811066865921043,0.0,728
77.46397273783664,28.775284338558574,34.82894624000005,0.5309969782829285,-0.11424121260643005,-0.47002968192100525,1.1173507380000345,0.0,0.0,729
76.9698993315709,28.779775914979172,37.841930870000056,0.3506859838962555,-0.06908277422189713,-0.3862387537956238,4.13033536800004,0.04931401610374453,0.0,730
76.9878656372533,28.779775914979172,39.15957758000002,0.28726091980934143,-0.029416926205158234,-0.3672177493572235,5.447982078000003,0.11273908019065859,0.0,731
77.08218874208585,28.779775914979172,34.84090931000003,0.3964000344276428,-0.08099860697984695,-0.4045391380786896,1.1293138080000134,0.0035999655723572,0.0,732
77.13159608271242,28.779775914979172,38.238421190000054,0.2466428130865097,0.007421082351356745,-0.28722721338272095,4.526825688000038,0.15335718691349032,0.007421082351356745,733
77.1630371176566,28.779775914979172,34.887052580000045,0.4378082752227783,-0.10393528640270233,-0.4179220199584961,1.1754570780000293,0.0,0.0,734
77.20346130544198,28.779775914979172,33.335271499999976,0.44380155205726624,-0.1505502313375473,-0.45281773805618286,-0.37632400200003957,0.0,0.0,735
77.24837706964796,28.779775914979172,35.22885458000002,0.41684436798095703,-0.07944419234991074,-0.4272101819515228,1.5172590780000021,0.0,0.0,736
77.28430968101274,28.779775914979172,34.282063040000025,0.31200045347213745,-0.00699530728161335,-0.33475759625434875,0.5704675380000097,0.08799954652786257,0.0,737
77.30227598669512,28.779775914979172,36.09703166000003,0.42235201597213745,-0.0904054120182991,-0.41415882110595703,2.3854361580000116,0.0,0.0,738
77.34270017448051,28.779775914979172,36.08335957999998,0.36163079738616943,-0.015067311935126781,-0.3904918432235718,2.3717640779999627,0.03836920261383059,0.0,739
77.3471917509011,28.779775914979172,36.08335957999998,0.4054919481277466,-0.08708322048187256,-0.4259212613105774,2.3717640779999627,0.0,0.0,740
77.46397273783664,28.779775914979172,33.94709708000005,0.5389834046363831,-0.1498839259147644,-0.4784470498561859,0.2355015780000329,0.0,0.0,741
77.09566347134763,28.78426749139977,33.67536448999999,0.38041016459465027,-0.09316985309123993,-0.40031909942626953,-0.0362310120000231,0.019589835405349754,0.0,742
77.10913820060944,28.78426749139977,32.697810770000046,0.40665578842163086,-0.1742643117904663,-0.4059019386768341,-1.0137847319999693,0.0,0.0,743
77.23041076396557,28.78426749139977,34.49910731,0.40339308977127075,-0.10502639412879944,-0.41087284684181213,0.7875118079999837,0.0,0.0,744
77.30676756311573,28.78426749139977,37.18567102999998,0.387067049741745,-0.05824809893965721,-0.4102237820625305,3.4740755279999647,0.012932950258255027,0.0,745
77.38312436226589,28.78426749139977,36.00816314000002,0.3896825611591339,-0.11708841472864151,-0.43926888704299927,2.296567638000006,0.010317438840866111,0.0,746
77.44600643215425,28.78426749139977,33.16437050000002,0.41812774538993835,-0.04967867210507393,-0.39987677335739136,-0.5472250019999976,0.0,0.0,747
76.99684879009449,28.788759067820365,38.648583590000044,0.2965783178806305,-0.02124853804707527,-0.3746868968009949,4.936988088000028,0.10342168211936953,0.0,748
77.03727297787987,28.788759067820365,37.110474590000024,0.36207154393196106,-0.0360688678920269,-0.40525779128074646,3.398879088000008,0.03792845606803896,0.0,749
77.10913820060944,28.788759067820365,34.398275720000015,0.42412498593330383,-0.14871352910995483,-0.42495113611221313,0.6866802179999993,0.0,0.0,750
77.22591918754497,28.788759067820365,33.59162300000003,0.37699344754219055,-0.09364671260118484,-0.40608882904052734,-0.11997250199998888,0.02300655245780947,0.0,751
77.23041076396557,28.788759067820365,35.22543656000005,0.3452441096305847,-0.07253314554691315,-0.36900633573532104,1.5138410580000325,0.054755890369415305,0.0,752
77.32473386879812,28.788759067820365,38.46571951999999,0.329683393239975,-0.023807615041732788,-0.37785646319389343,4.7541240179999775,0.07031660676002505,0.0,753
77.36066648016289,28.788759067820365,37.98719672000004,0.2627851366996765,0.010927088558673859,-0.3514672517776489,4.275601218000027,0.1372148633003235,0.010927088558673859,754
77.39659909152768,28.788759067820365,37.905164239999976,0.37615448236465454,-0.04098283499479294,-0.4173538088798523,4.193568737999961,0.02384551763534548,0.0,755
77.05074770714167,28.793250644240963,38.23500317000003,0.3159623146057129,-0.03774898126721382,-0.33194446563720703,4.5234076680000115,0.08403768539428713,0.0,756
77.07769716566524,28.793250644240963,36.01158115999999,0.35234084725379944,-0.08794893324375153,-0.3813740611076355,2.299985657999976,0.047659152746200584,0.0,757
77.14507081197421,28.793250644240963,37.67273888,0.30059704184532166,-0.03726831451058388,-0.33179113268852234,3.9611433779999814,0.09940295815467837,0.0,758
77.17651184691839,28.793250644240963,34.79134801999999,0.38191401958465576,-0.10196483135223389,-0.3999440670013428,1.079752517999971,0.01808598041534426,0.0,759
77.42804012647186,28.793250644240963,34.93148684000005,0.4606805145740509,-0.11223797500133514,-0.44459792971611023,1.219891338000032,0.0,0.0,760
77.07320558924465,28.79774222066156,35.76719273000003,0.36382007598876953,-0.06718586385250092,-0.35647016763687134,2.0555972280000177,0.03617992401123049,0.0,761
77.14057923555362,28.79774222066156,34.90585169000002,0.3664352595806122,-0.07688173651695251,-0.37333944439888,1.1942561880000042,0.03356474041938784,0.0,762
77.1630371176566,28.79774222066156,34.129961149999986,0.507378876209259,-0.16265107691287994,-0.4784950315952301,0.4183656479999698,0.0,0.0,763
77.1675286940772,28.79774222066156,34.76742188000003,0.427880197763443,-0.14216600358486176,-0.43661874532699585,1.0558263780000132,0.0,0.0,764
77.19896972902139,28.79774222066156,34.030838570000014,0.3709881901741028,-0.12632448971271515,-0.41430243849754333,0.3192430679999987,0.02901180982589724,0.0,765
77.33820859805991,28.79774222066156,36.95837270000004,0.44767481088638306,-0.09349006414413452,-0.4418695271015167,3.246777198000025,0.0,0.0,766
77.3471917509011,28.79774222066156,36.37730929999998,0.3236469328403473,-0.006556662265211344,-0.3825724124908447,2.665713797999963,0.07635306715965273,0.0,767
77.40109066794828,28.79774222066156,34.808438120000005,0.38397958874702454,-0.09625990688800812,-0.44042885303497314,1.0968426179999895,0.016020411252975486,0.0,768
77.02379824861808,28.80223379708216,35.52793133,0.3928583860397339,-0.10085806250572205,-0.4460398852825165,1.8163358279999855,0.0071416139602661355,0.0,769
77.06871401282405,28.80223379708216,38.52895289000003,0.3029688000679016,-0.046120721846818924,-0.32408225536346436,4.817357388000012,0.09703119993209841,0.0,770
77.10015504776824,28.80223379708216,34.14192422000002,0.3884676992893219,-0.08031534403562546,-0.3778994381427765,0.4303287180000055,0.011532300710678123,0.0,771
77.19896972902139,28.80223379708216,34.18123145000004,0.40360191464424133,-0.060601651668548584,-0.40925565361976624,0.4696359480000254,0.0,0.0,772
77.20795288186258,28.80223379708216,33.04303078999999,0.3379153311252594,-0.12909553945064545,-0.355608731508255,-0.6685647120000269,0.06208466887474062,0.0,773
77.26634337533035,28.80223379708216,36.70031218999998,0.3656570315361023,0.004452097229659557,-0.39879098534584045,2.988716687999961,0.03434296846389773,0.004452097229659557,774
77.28880125743333,28.80223379708216,33.68732756000003,0.3165314495563507,-0.03220326080918312,-0.371705025434494,-0.024267941999987386,0.08346855044364931,0.0,775
77.02379824861808,28.806725373502758,35.548439450000046,0.39063605666160583,-0.10269029438495636,-0.4127455949783325,1.8368439480000305,0.009363943338394187,0.0,776
77.04625613072106,28.806725373502758,36.66784100000001,0.3997269570827484,-0.08199460804462433,-0.38508060574531555,2.956245497999994,0.0002730429172516091,0.0,777
77.12261292987122,28.806725373502758,36.63878783000001,0.3449934124946594,-0.02323579043149948,-0.37964770197868347,2.9271923279999967,0.0550065875053406,0.0,778
77.18100342333899,28.806725373502758,34.19661254000005,0.38065749406814575,-0.08914326876401901,-0.37916967272758484,0.4850170380000307,0.01934250593185427,0.0,779
77.18998657618019,28.806725373502758,34.480308200000024,0.4106665551662445,-0.12093867361545563,-0.4348122775554657,0.7687126980000087,0.0,0.0,780
77.38761593868648,28.806725373502758,36.76354556000001,0.38172447681427,-0.06253663450479507,-0.4157363176345825,3.0519500579999956,0.018275523185730003,0.0,781
77.41905697363066,28.806725373502758,36.13121186000001,0.4247342050075531,-0.09565500915050507,-0.4291834831237793,2.419616357999992,0.0,0.0,782
77.43702327931305,28.806725373502758,35.07504368000002,0.5490848422050476,-0.1457706093788147,-0.4725603759288788,1.3634481780000058,0.0,0.0,783
77.01930667219747,28.811216949923356,34.54354157,0.39897242188453674,-0.10347744822502136,-0.42357149720191956,0.8319460679999864,0.001027578115463279,0.0,784
77.11812135345062,28.811216949923356,36.661004960000014,0.40243399143218994,-0.04108016565442085,-0.4196139872074127,2.949409457999998,0.0,0.0,785
77.12261292987122,28.811216949923356,37.13610974000005,0.4048535227775574,-0.05272269248962402,-0.4303518533706665,3.424514238000036,0.0,0.0,786
77.13159608271242,28.811216949923356,37.34289995000006,0.34512728452682495,-0.026578571647405624,-0.35594692826271057,3.6313044480000443,0.05487271547317507,0.0,787
77.14057923555362,28.811216949923356,37.70008303999998,0.2246452122926712,0.008298972621560097,-0.26684001088142395,3.9884875379999656,0.17535478770732882,0.008298972621560097,788
77.23490234038616,28.811216949923356,34.34871443000003,0.39202186465263367,-0.1213211864233017,-0.43359556794166565,0.6371189280000138,0.007978135347366355,0.0,789
77.24388549322735,28.811216949923356,34.14021521000001,0.3346199095249176,-0.0925438180565834,-0.3713848292827606,0.42861970799999227,0.06538009047508242,0.0,790
77.31125913953632,28.811216949923356,34.808438120000005,0.3604338765144348,-0.06565821915864944,-0.39609408378601074,1.0968426179999895,0.03956612348556521,0.0,791
77.32473386879812,28.811216949923356,38.04872108000001,0.32489174604415894,-0.01393864769488573,-0.3686496615409851,4.337125577999991,0.07510825395584109,0.0,792
76.9743909079915,28.81570852634395,38.173478810000006,0.33001700043678284,-0.03424175828695297,-0.3638005554676056,4.46188330799999,0.06998299956321719,0.0,793
77.00583194293569,28.81570852634395,36.459341780000045,0.3835519254207611,-0.08393240720033646,-0.3948085308074951,2.7477462780000295,0.016448074579238914,0.0,794
77.1630371176566,28.81570852634395,34.99984724000001,0.4407963454723358,-0.1145097017288208,-0.41677674651145935,1.2882517379999925,0.0,0.0,795
77.21693603470378,28.81570852634395,32.54229085999998,0.3008212447166443,-0.1241944432258606,-0.3334929943084717,-1.1693046420000357,0.09917875528335574,0.0,796
77.24388549322735,28.81570852634395,34.30598917999998,0.37711963057518005,-0.12530192732810974,-0.3996536433696747,0.5943936779999675,0.02288036942481997,0.0,797
77.26185179890975,28.81570852634395,35.314305080000054,0.38921213150024414,-0.043145909905433655,-0.38286152482032776,1.602709578000038,0.010787868499755882,0.0,798
77.08668031850644,28.82020010276455,35.41000964,0.4183310568332672,-0.11855683475732803,-0.4252683222293854,1.6984141379999826,0.0,0.0,799
77.14956238839481,28.82020010276455,34.25471888000004,0.35637906193733215,-0.11345776170492172,-0.4062997102737427,0.5431233780000255,0.04362093806266787,0.0,800
77.17651184691839,28.82020010276455,34.05476471000003,0.3627854287624359,-0.11218782514333725,-0.3528808057308197,0.34316920800001327,0.03721457123756411,0.0,801
77.26185179890975,28.82020010276455,35.327977160000046,0.38697028160095215,-0.0230055283755064,-0.4172148108482361,1.61638165800003,0.013029718399047874,0.0,802
77.30227598669512,28.82020010276455,33.35577962000002,0.4173108637332916,-0.09669859707355499,-0.43010610342025757,-0.3558158819999946,0.0,0.0,803
77.32024229237751,28.82020010276455,36.41319851000003,0.35798072814941406,-0.035333238542079926,-0.36969730257987976,2.7016030080000135,0.04201927185058596,0.0,804
77.33820859805991,28.82020010276455,34.96908506,0.5352949500083923,-0.14337831735610962,-0.48587852716445923,1.2574895579999819,0.0,0.0,805
77.40558224436887,28.82020010276455,36.83532398,0.43857190012931824,-0.0987699031829834,-0.4278663694858551,3.1237284779999825,0.0,0.0,806
77.45049800857485,28.82020010276455,33.841138460000025,0.56711345911026,-0.15644477307796478,-0.49933990836143494,0.12954295800000892,0.0,0.0,807
77.45948116141604,28.82020010276455,34.65462722000001,0.49548348784446716,-0.09867609292268753,-0.4544517993927002,0.9430317179999932,0.0,0.0,808
77.10015504776824,28.824691679185147,37.61121452000003,0.3473471701145172,-0.05580274015665054,-0.37047675251960754,3.899619018000017,0.05265282988548281,0.0,809
77.14507081197421,28.824691679185147,36.58580852,0.2710574269294739,0.007420984096825123,-0.2929448187351227,2.8742130179999847,0.12894257307052615,0.007420984096825123,810
77.18100342333899,28.824691679185147,34.09407194000005,0.41433990001678467,-0.10906367003917694,-0.3783739507198334,0.38247643800003317,0.0,0.0,811
77.29329283385393,28.824691679185147,34.921232780000025,0.40780097246170044,-0.1096288338303566,-0.44040510058403015,1.2096372780000095,0.0,0.0,812
77.31125913953632,28.824691679185147,34.62557405000001,0.47141531109809875,-0.1469554901123047,-0.4424951672554016,0.9139785479999958,0.0,0.0,813
77.3516833273217,28.824691679185147,36.78063566000003,0.48494040966033936,-0.14383327960968018,-0.4725293815135956,3.069040158000014,0.0,0.0,814
77.41007382078946,28.824691679185147,38.099991380000006,0.27459001541137695,0.02078336477279663,-0.3272384703159332,4.38839587799999,0.12540998458862307,0.02078336477279663,815
77.43253170289246,28.824691679185147,31.957809440000005,0.5528091192245483,-0.14692090451717377,-0.4549350142478943,-1.7537860620000103,0.0,0.0,816
77.43702327931305,28.824691679185147,32.532036800000014,0.5957246422767639,-0.17138774693012238,-0.4666983485221863,-1.1795587020000013,0.0,0.0,817
76.9923572136739,28.829183255605745,35.84751620000003,0.4206620156764984,-0.14305846393108368,-0.4474029839038849,2.135920698000014,0.0,0.0,818
77.00134036651508,28.829183255605745,33.12335426000004,0.41569042205810547,-0.15507397055625916,-0.43056628108024597,-0.5882412419999739,0.0,0.0,819
77.01032351935628,28.829183255605745,32.46025838000003,0.4942120313644409,-0.17375141382217407,-0.48216643929481506,-1.2513371219999883,0.0,0.0,820
77.08218874208585,28.829183255605745,35.26987082000005,0.32250118255615234,-0.06733386963605881,-0.359882652759552,1.5582753180000353,0.07749881744384768,0.0,821
77.1720202704978,28.829183255605745,34.234210759999996,0.4193646013736725,-0.10626780986785889,-0.392050564289093,0.5226152579999805,0.0,0.0,822
77.38312436226589,28.829183255605745,37.30701074000001,0.3717173933982849,-0.04360903799533844,-0.3696439862251282,3.595415237999994,0.02828260660171511,0.0,823
77.00134036651508,28.833674832026343,32.01078875000002,0.4102551341056824,-0.1441691815853119,-0.44272947311401367,-1.7008067519999983,0.0,0.0,824
77.01930667219747,28.833674832026343,31.303258610000057,0.41770821809768677,-0.15278016030788422,-0.45698386430740356,-2.4083368919999586,0.0,0.0,825
77.14507081197421,28.833674832026343,33.64972934000002,0.38909003138542175,-0.0976288765668869,-0.3912268579006195,-0.06186616199999406,0.01090996861457827,0.0,826
77.18998657618019,28.833674832026343,33.89069975000001,0.47095438838005066,-0.1542138159275055,-0.42850035429000854,0.17910424799999447,0.0,0.0,827
77.21693603470378,28.833674832026343,33.89582677999999,0.43464112281799316,-0.1396486461162567,-0.43265631794929504,0.1842312779999773,0.0,0.0,828
77.24837706964796,28.833674832026343,33.37286972000004,0.36494237184524536,-0.12156348675489426,-0.39573273062705994,-0.33872578199997605,0.03505762815475466,0.0,829
77.26634337533035,28.833674832026343,35.12289596000005,0.33735862374305725,-0.06599678099155426,-0.37870943546295166,1.411300458000035,0.06264137625694277,0.0,830
77.40109066794828,28.833674832026343,35.67319717999999,0.38516274094581604,-0.08137571811676025,-0.4371814429759979,1.9616016779999725,0.014837259054183982,0.0,831
77.41456539721007,28.833674832026343,32.27568530000002,0.43864312767982483,-0.09285512566566467,-0.42882415652275085,-1.4359102019999952,0.0,0.0,832
76.9743909079915,28.83816640844694,36.052597400000025,0.4754754602909088,-0.11214262247085571,-0.4439070522785187,2.341001898000009,0.0,0.0,833
77.12261292987122,28.83816640844694,35.82188105,0.2725354731082916,-0.005523194558918476,-0.31674104928970337,2.110285547999986,0.1274645268917084,0.0,834
77.20795288186258,28.83816640844694,33.00543257000004,0.43030086159706116,-0.11444183439016342,-0.43030086159706116,-0.7061629319999767,0.0,0.0,835
77.27083495175094,28.83816640844694,34.96224902000006,0.288725882768631,-0.0491020493209362,-0.3367978036403656,1.2506535180000427,0.11127411723136904,0.0,836
77.27981810459214,28.83816640844694,33.47882834000001,0.37920987606048584,-0.07515169680118561,-0.3931632936000824,-0.2327671620000089,0.020790123939514182,0.0,837
77.28880125743333,28.83816640844694,32.55254492000006,0.5020650625228882,-0.17490056157112122,-0.45420050621032715,-1.1590505819999564,0.0,0.0,838
77.30676756311573,28.83816640844694,32.679011660000015,0.44043469429016113,-0.11249350756406784,-0.40574344992637634,-1.032583842000001,0.0,0.0,839
77.33820859805991,28.83816640844694,32.73028196000001,0.6694313287734985,-0.24349552392959595,-0.5755284428596497,-0.9813135420000023,0.0,0.0,840
77.37414120942469,28.83816640844694,36.32945702000001,0.44094786047935486,-0.07173576951026917,-0.4156414866447449,2.617861517999991,0.0,0.0,841
